node_id,neighbor_id,distance,neighbor_role,neighbor_hop_count,arrival_time
3,5,117.014839,REGISTERED,3,1427.150236124786
3,23,103.552318,REGISTERED,11,1393.2903116163882
3,2,77.129892,REGISTERED,12,1395.8857215570051
3,12,71.210524,CLUSTER_HEAD,11,1405.8855157543303
3,13,38.174982,REGISTERED,12,1355.6283148392715
3,11,48.938071,CLUSTER_HEAD,11,485.88554655097187
3,1,75.508479,UNREGISTERED,12,395.8857571688146
3,0,110.760277,UNREGISTERED,12,395.8858671553684
3,21,111.044462,ROUTER,10,480.88556459175925
3,20,139.748501,ROUTER,10,480.88561903491654
3,22,90.927120,CLUSTER_HEAD,10,480.88554058700004
3,10,79.807418,UNREGISTERED,12,390.8857854579527
3,31,71.429143,CLUSTER_HEAD,9,470.883852824812
3,30,78.473234,UNREGISTERED,10,380.88554257697615
3,33,135.129515,ROUTER,5,490.88262229744237
3,34,72.696309,ROUTER,5,471.469245795471
3,25,97.456859,REGISTERED,3,433.2897568418124
3,43,123.657094,ROUTER,5,400.8825098050324
3,4,66.915743,UNREGISTERED,13,1422.1498117109245
3,14,77.615516,UNREGISTERED,13,522.1498331104721
3,45,101.061037,ROUTER,3,350.8823087567713
3,44,38.695584,CLUSTER_HEAD,4,354.9127256624071
3,35,126.981745,ROUTER,3,324.91204049355395
3,54,102.092921,REGISTERED,5,397.9171110097683
3,64,136.017139,ROUTER,5,297.9182358463608
3,32,94.034175,UNREGISTERED,10,380.8855283025717
3,42,86.707777,CLUSTER_HEAD,8,370.8838737273618
3,53,74.007028,REGISTERED,7,367.9181651808234
3,52,79.914115,CLUSTER_HEAD,7,377.91747993375446
3,63,130.622769,UNREGISTERED,6,307.91743661564175
3,16,94.985232,CLUSTER_HEAD,2,390.6279471285559
3,15,90.469008,REGISTERED,3,425.9530329089204
3,40,123.909257,ROUTER,10,485.8839663361792
3,7,116.537801,REGISTERED,3,546.2345649358476
3,27,77.492242,ROUTER,1,180.6275597612759
3,17,36.462365,REGISTERED,3,178.3036076033117
3,26,43.825268,REGISTERED,3,123.28957404016931
3,6,50.747430,REGISTERED,3,595.5746405024091
4,15,81.926347,REGISTERED,3,1217.1502191099419
4,5,63.852699,REGISTERED,3,1717.150182962646
4,13,99.179816,REGISTERED,12,1355.6283758441054
4,14,85.430672,UNREGISTERED,13,522.1498409256274
5,16,87.162817,CLUSTER_HEAD,2,1990.6279393061402
5,26,112.616526,UNREGISTERED,3,2030.6281081980421
5,6,50.747430,REGISTERED,3,2470.6280657297248
5,7,116.537801,REGISTERED,3,2550.6280722765932
7,8,70.459778,REGISTERED,2,3990.6283055084646
7,18,96.117447,ROUTER,1,3990.628288636675
8,27,132.779309,ROUTER,1,2580.6276150483427
8,9,39.814956,CLUSTER_HEAD,2,3990.6282450668514
8,29,121.193532,ROUTER,1,3969.3836474240074
8,19,89.927193,CLUSTER_HEAD,1,3954.3840149220987
8,18,63.944774,ROUTER,1,3990.628256464002
8,16,79.684673,CLUSTER_HEAD,2,190.62793182799697
8,5,116.537801,REGISTERED,3,220.62823016957464
8,17,51.797734,REGISTERED,3,200.62767270010534
8,28,80.482416,ROOT,0,178.30362538249918
8,48,134.636434,ROUTER,1,160.45337682891747
8,36,71.407445,REGISTERED,3,167.4329052589283
8,38,91.107145,ROUTER,1,178.30343562985985
8,26,73.805437,REGISTERED,3,123.28960402033846
8,15,69.917704,REGISTERED,3,175.57457504367954
8,6,138.646906,REGISTERED,3,3770.6281536292004
8,39,107.641168,ROUTER,1,221.9752817765789
8,35,122.345039,ROUTER,3,224.912035856848
8,37,66.368127,UNREGISTERED,1,205.52356665687773
8,49,59.858160,CLUSTER_HEAD,2,221.97517873497833
8,59,107.411462,UNREGISTERED,99999,221.9751741354111
9,29,95.291106,ROUTER,1,3969.383621521581
9,7,108.850114,REGISTERED,3,3900.6282933792936
9,19,59.466845,CLUSTER_HEAD,1,3954.38398446175
9,28,63.594902,ROOT,0,152.216995190737
9,48,123.169366,ROUTER,1,160.45336536184894
9,38,123.615550,ROUTER,1,152.21707408126153
9,27,133.821675,ROUTER,1,96.30299810604092
9,47,73.482787,CLUSTER_HEAD,2,124.07031476445752
9,39,71.001807,UNREGISTERED,1,162.2170673941742
9,18,62.457943,ROUTER,1,3990.6282549771704
9,36,71.407445,REGISTERED,3,167.4329052589283
9,17,65.708608,REGISTERED,3,178.3036368495554
9,16,77.492242,CLUSTER_HEAD,2,175.57459043952628
9,26,73.805437,REGISTERED,3,123.28960402033846
9,5,116.537801,REGISTERED,3,220.62823016957464
9,6,70.050087,UNREGISTERED,3,195.5746598050668
9,46,91.869965,CLUSTER_HEAD,2,167.52217818550517
9,57,109.245385,ROUTER,3,167.52216805317033
9,58,87.412882,CLUSTER_HEAD,4,221.97521863592078
9,59,74.922879,UNREGISTERED,99999,221.97514164682795
9,49,58.179259,CLUSTER_HEAD,2,221.9751770560774
9,37,104.267551,UNREGISTERED,1,205.52360455630225
9,35,122.345039,ROUTER,3,224.912035856848
11,22,90.927120,REGISTERED,5,1902.9403282452859
12,22,77.982289,REGISTERED,5,1902.940315300455
13,22,88.447045,CLUSTER_HEAD,10,1280.8855381069252
13,33,135.129515,ROUTER,5,1290.8826222974421
13,5,137.020303,REGISTERED,3,1355.6283783574747
13,23,71.932637,REGISTERED,11,1293.2902799967073
13,2,72.304289,REGISTERED,12,1295.8857167314027
13,12,52.759237,CLUSTER_HEAD,11,1305.8854973030434
13,21,135.375792,ROUTER,10,1280.8855889230895
13,34,72.696309,ROUTER,5,471.469245795471
13,25,97.456859,REGISTERED,3,433.2897568418124
13,43,123.657094,ROUTER,5,400.8825098050324
13,45,101.061037,ROUTER,3,350.8823087567713
13,44,38.695584,CLUSTER_HEAD,4,354.9127256624071
13,35,126.981745,ROUTER,3,324.91204049355395
13,54,102.092921,REGISTERED,5,397.9171110097683
13,64,136.017139,ROUTER,5,297.9182358463608
13,32,94.034175,UNREGISTERED,10,380.8855283025717
13,42,86.707777,CLUSTER_HEAD,8,370.8838737273618
13,53,74.007028,REGISTERED,7,367.9181651808234
13,52,79.914115,CLUSTER_HEAD,7,377.91747993375446
13,63,130.622769,UNREGISTERED,6,307.91743661564175
13,16,94.985232,CLUSTER_HEAD,2,390.6279471285559
13,15,90.469008,REGISTERED,3,425.9530329089204
13,11,48.938071,CLUSTER_HEAD,11,485.88554655097187
13,1,75.508479,UNREGISTERED,12,395.8857571688146
13,0,110.760277,UNREGISTERED,12,395.8858671553684
13,20,139.748501,ROUTER,10,480.88561903491654
13,10,79.807418,UNREGISTERED,12,390.8857854579527
13,31,71.429143,CLUSTER_HEAD,9,470.883852824812
13,30,78.473234,UNREGISTERED,10,380.88554257697615
13,14,72.372601,UNREGISTERED,13,522.1498278675568
13,40,123.909257,ROUTER,10,485.8839663361792
13,7,116.537801,REGISTERED,3,546.2345649358476
13,6,50.747430,REGISTERED,3,595.5746405024091
14,15,64.713096,REGISTERED,3,1007.9626105280264
14,23,66.780639,REGISTERED,11,1007.9625931339159
14,25,82.110283,REGISTERED,3,1007.9625991082951
14,5,84.503679,REGISTERED,3,1007.1502036136255
14,34,99.918849,ROUTER,5,1007.9626322835165
14,33,128.990469,ROUTER,5,990.8826161583961
15,26,85.044757,REGISTERED,3,1206.3029631742215
15,16,69.917704,CLUSTER_HEAD,2,1190.6279220610281
15,5,32.707456,REGISTERED,3,1217.150151817403
15,25,90.469008,REGISTERED,3,1133.2897498539612
15,7,121.923615,REGISTERED,3,1146.2345703216613
15,27,77.492242,ROUTER,1,180.6275597612759
15,17,36.462365,REGISTERED,3,178.3036076033117
15,28,80.482416,ROOT,0,178.30362538249918
15,48,134.636434,ROUTER,1,160.45337682891747
15,36,71.407445,REGISTERED,3,167.4329052589283
15,38,91.107145,ROUTER,1,178.30343562985985
15,29,133.821675,ROUTER,1,178.30367983026645
15,19,138.589885,UNREGISTERED,1,154.3840635847904
15,35,133.170921,ROUTER,3,181.46927307032604
15,6,68.986387,REGISTERED,3,1195.5746587413662
15,45,132.861336,ROUTER,3,187.91703531120154
15,47,80.213292,CLUSTER_HEAD,2,147.93894398085047
15,46,63.473294,CLUSTER_HEAD,2,140.88219176563894
15,57,135.738444,ROUTER,3,160.430768758726
15,18,96.316344,UNREGISTERED,1,188.30371129190843
15,37,99.128733,UNREGISTERED,1,205.52359941748387
15,43,137.361972,ROUTER,5,217.91768942256192
15,33,119.182007,ROUTER,5,217.917674569397
15,44,88.310387,CLUSTER_HEAD,4,187.91700324502807
15,54,125.360586,REGISTERED,5,197.91733425253247
15,34,135.915646,ROUTER,5,1171.4693090148078
15,23,128.642711,REGISTERED,11,1193.2903367067818
15,2,77.129892,REGISTERED,12,595.885721557005
15,12,71.210524,CLUSTER_HEAD,11,605.8855157543303
16,27,77.492242,ROUTER,1,1980.6275597612757
16,17,36.462365,REGISTERED,3,1900.6276573647358
16,26,43.825268,REGISTERED,3,1906.3029219547318
16,25,94.985232,REGISTERED,3,1333.2897543701858
16,7,79.684673,REGISTERED,3,1946.2345280827196
16,28,80.482416,ROOT,0,178.30362538249918
16,48,134.636434,ROUTER,1,160.45337682891747
16,36,71.407445,REGISTERED,3,167.4329052589283
16,38,91.107145,ROUTER,1,178.30343562985985
16,29,133.821675,ROUTER,1,178.30367983026645
16,47,73.482787,CLUSTER_HEAD,2,124.07031476445752
16,19,138.589885,UNREGISTERED,1,154.3840635847904
16,46,63.473294,CLUSTER_HEAD,2,140.88219176563894
16,35,133.170921,ROUTER,3,1824.9120466827296
16,57,135.738444,ROUTER,3,160.430768758726
16,45,91.658376,CLUSTER_HEAD,3,162.23076808803296
16,39,71.001807,UNREGISTERED,1,162.2170673941742
16,18,96.316344,UNREGISTERED,1,188.30371129190843
16,6,76.807696,REGISTERED,3,1895.574666562675
16,37,126.783767,ROUTER,1,1987.940913065402
16,43,137.361972,ROUTER,5,217.91768942256192
16,33,119.182007,ROUTER,5,217.917674569397
16,44,88.310387,CLUSTER_HEAD,4,187.91700324502807
16,54,125.360586,REGISTERED,5,197.91733425253247
16,58,87.412882,CLUSTER_HEAD,4,221.97521863592078
16,59,74.922879,UNREGISTERED,99999,221.97514164682795
16,49,58.179259,CLUSTER_HEAD,2,221.9751770560774
16,34,115.634937,ROUTER,5,303.2902359582961
16,23,97.456859,UNREGISTERED,6,293.2899996912897
16,14,64.713096,UNREGISTERED,13,522.1498202080516
16,4,81.926347,REGISTERED,13,522.1500780830075
16,2,77.129892,REGISTERED,12,595.885721557005
16,12,71.210524,CLUSTER_HEAD,11,605.8855157543303
17,27,65.708608,ROUTER,1,2580.627547977642
17,18,96.316344,ROUTER,1,3888.3037112919087
17,37,127.983757,ROUTER,1,2705.5236282725086
17,7,51.797734,REGISTERED,3,3900.6282363269133
17,26,71.719096,UNREGISTERED,3,2030.628067300613
17,6,81.419485,REGISTERED,3,3770.62809640178
17,28,80.482416,ROOT,0,2011.1000804824155
17,48,134.636434,ROUTER,1,2037.9386113258186
17,36,71.407445,REGISTERED,3,2077.9408672550667
17,38,91.107145,ROUTER,1,2078.30343562986
17,29,133.821675,ROUTER,1,2069.3836600521504
17,47,73.482787,CLUSTER_HEAD,2,124.07031476445752
17,19,138.589885,UNREGISTERED,1,154.3840635847904
17,46,63.473294,CLUSTER_HEAD,2,140.88219176563894
17,35,122.345039,ROUTER,3,1824.912035856848
17,25,91.837557,REGISTERED,3,133.28994613622785
17,57,135.738444,ROUTER,3,160.430768758726
17,45,91.658376,CLUSTER_HEAD,3,162.23076808803296
17,39,71.001807,UNREGISTERED,1,162.2170673941742
17,5,109.671116,REGISTERED,3,175.57459655813423
17,44,88.310387,CLUSTER_HEAD,4,187.91700324502807
17,54,125.360586,REGISTERED,5,197.91733425253247
17,43,126.981745,ROUTER,5,217.91767904233507
17,58,87.412882,CLUSTER_HEAD,4,221.97521863592078
17,59,74.922879,UNREGISTERED,99999,221.97514164682795
17,49,58.179259,CLUSTER_HEAD,2,221.9751770560774
17,34,115.634937,ROUTER,5,303.2902359582961
18,19,56.444407,CLUSTER_HEAD,1,3954.3839814393127
18,28,70.075481,ROOT,0,3911.1000700754807
18,29,71.183989,ROUTER,1,3969.383597414464
18,27,88.944189,ROUTER,1,2580.6275712132233
18,26,71.719096,REGISTERED,3,123.28960193399811
18,5,109.671116,REGISTERED,3,175.57459655813423
18,48,134.636434,ROUTER,1,160.45337682891747
18,36,71.407445,REGISTERED,3,167.4329052589283
18,38,130.301888,ROUTER,1,3978.303474824603
18,6,81.419485,UNREGISTERED,3,195.57467117446473
18,39,122.883360,ROUTER,1,3962.2171192757273
18,47,73.482787,CLUSTER_HEAD,2,124.07031476445752
18,46,91.869965,CLUSTER_HEAD,2,167.52217818550517
18,57,109.245385,ROUTER,3,167.52216805317033
18,58,87.412882,CLUSTER_HEAD,4,221.97521863592078
18,59,74.922879,UNREGISTERED,99999,221.97514164682795
18,49,58.179259,CLUSTER_HEAD,2,221.9751770560774
18,37,104.267551,UNREGISTERED,1,205.52360455630225
18,35,122.345039,ROUTER,3,224.912035856848
18,25,91.837557,REGISTERED,3,133.28994613622785
18,45,91.658376,CLUSTER_HEAD,3,162.23076808803296
18,44,88.310387,CLUSTER_HEAD,4,187.91700324502807
18,54,125.360586,REGISTERED,5,197.91733425253247
18,43,126.981745,ROUTER,5,217.91767904233507
18,34,115.634937,ROUTER,5,303.2902359582961
18,67,134.975618,UNREGISTERED,5,170.4308233190388
18,56,75.632897,CLUSTER_HEAD,3,210.88298304570264
18,68,85.670936,REGISTERED,5,221.97523555282578
18,66,79.981973,CLUSTER_HEAD,5,189.3848597334375
19,29,36.907881,ROUTER,1,3969.3835631383567
19,28,85.637169,ROOT,0,3911.100085637169
19,39,107.641168,ROUTER,1,3962.217104033535
19,48,123.169366,ROUTER,1,160.45336536184894
19,38,123.615550,ROUTER,1,152.21707408126153
19,27,138.589885,ROUTER,1,2580.627620858919
19,47,73.482787,CLUSTER_HEAD,2,124.07031476445752
19,36,71.407445,REGISTERED,3,167.4329052589283
19,26,73.805437,REGISTERED,3,123.28960402033846
19,7,109.630304,REGISTERED,3,178.3036805723545
19,46,63.473294,CLUSTER_HEAD,2,140.88219176563894
19,35,52.716358,CLUSTER_HEAD,3,154.91265137279436
19,25,91.837557,REGISTERED,3,133.28994613622785
19,57,135.738444,ROUTER,3,160.430768758726
19,45,91.658376,CLUSTER_HEAD,3,162.23076808803296
19,5,116.537801,REGISTERED,3,220.62823016957464
19,6,70.050087,UNREGISTERED,3,195.5746598050668
19,49,59.858160,CLUSTER_HEAD,2,221.97517873497833
19,37,139.806409,UNREGISTERED,1,205.52364009516054
19,59,107.411462,UNREGISTERED,99999,221.9751741354111
19,58,87.412882,CLUSTER_HEAD,4,221.97521863592078
19,44,88.310387,CLUSTER_HEAD,4,187.91700324502807
19,54,125.360586,REGISTERED,5,197.91733425253247
19,43,126.981745,ROUTER,5,217.91767904233507
19,34,115.634937,ROUTER,5,303.2902359582961
20,31,97.168261,UNREGISTERED,99999,1902.9412769493917
21,22,67.389079,REGISTERED,5,1902.9403047072456
21,31,71.429143,UNREGISTERED,99999,1902.9412512102735
24,26,97.164207,REGISTERED,3,1047.962662373549
24,5,106.216940,REGISTERED,3,1052.1502253268873
24,15,77.769795,REGISTERED,3,1052.1502149533894
24,25,48.952876,REGISTERED,3,1047.9625659508883
24,35,120.730432,ROUTER,3,1024.912034242241
24,33,105.274426,ROUTER,5,990.8825924423531
24,34,64.319532,ROUTER,5,1047.9625966842
24,23,58.308141,REGISTERED,11,1047.962584661418
24,13,97.680771,REGISTERED,12,1052.150252117835
24,14,37.310365,UNREGISTERED,13,522.1497928053207
24,3,111.905414,ROUTER,12,1052.1502340784048
25,36,91.837557,REGISTERED,3,1267.4329256890403
25,26,60.800412,REGISTERED,3,1306.3029389298765
25,35,74.828701,ROUTER,3,1324.9119883405097
25,5,123.156690,REGISTERED,3,1345.6283644938624
25,45,107.036465,ROUTER,3,1250.882314732199
25,47,80.213292,CLUSTER_HEAD,2,147.93894398085047
25,38,100.636139,ROUTER,1,152.2170511018505
25,27,130.771407,ROUTER,1,1180.6276130404399
25,46,63.473294,CLUSTER_HEAD,2,140.88219176563894
25,48,73.482787,ROUTER,1,145.4534655210278
25,57,135.738444,ROUTER,3,160.430768758726
25,7,79.684673,REGISTERED,3,178.30365062672305
25,28,80.482416,ROOT,0,178.30362538249918
25,29,133.821675,ROUTER,1,178.30367983026645
25,43,137.361972,ROUTER,5,1300.8825235099105
25,33,119.182007,ROUTER,5,1290.8826063499341
25,37,133.151271,REGISTERED,1,1305.523633440022
25,6,81.419485,UNREGISTERED,3,195.57467117446473
25,44,88.310387,CLUSTER_HEAD,4,187.91700324502807
25,54,125.360586,REGISTERED,5,197.91733425253247
25,67,134.975618,UNREGISTERED,5,170.4308233190388
25,56,75.632897,CLUSTER_HEAD,3,210.88298304570264
25,59,130.143231,UNREGISTERED,99999,221.97519686718041
25,55,71.432178,CLUSTER_HEAD,4,187.91692440094744
25,64,136.925458,UNREGISTERED,5,200.88263306849663
25,34,56.449660,ROUTER,5,1271.469229548822
25,23,97.456859,REGISTERED,11,1293.290305520929
25,53,102.140855,REGISTERED,6,217.91765918920947
25,52,116.573059,REGISTERED,6,217.91763777611195
25,66,46.125525,ROUTER,5,270.43075669381454
25,65,60.810556,UNREGISTERED,4,210.8830290339186
25,75,107.195758,ROUTER,5,278.67080760610054
25,32,94.034175,REGISTERED,6,217.91761158740408
25,42,86.707777,UNREGISTERED,6,210.88283732583636
25,22,95.223262,REGISTERED,6,200.88386934743048
25,63,130.622769,UNREGISTERED,6,307.91743661564175
25,73,119.447710,UNREGISTERED,6,317.91738306690536
25,4,81.926347,REGISTERED,13,522.1500780830075
25,2,72.304289,REGISTERED,12,495.8857167314026
25,12,52.759237,CLUSTER_HEAD,11,505.8854973030435
25,21,135.375792,ROUTER,10,480.88558892308953
26,27,73.805437,ROUTER,1,2080.6275560744702
26,36,67.010347,REGISTERED,3,2077.9408628579695
26,37,99.128733,ROUTER,1,2077.940885410368
26,47,80.213292,CLUSTER_HEAD,2,2062.940843910459
26,38,100.636139,ROUTER,1,1978.3034451588533
26,46,63.473294,CLUSTER_HEAD,2,1816.4430282460153
26,35,52.716358,CLUSTER_HEAD,2,1857.9408363941807
26,48,73.482787,ROUTER,1,145.4534655210278
26,57,135.738444,REGISTERED,2,1857.9408421671023
26,45,91.658376,UNREGISTERED,3,1867.9403258925345
26,7,109.630304,REGISTERED,3,178.3036805723545
26,67,134.975618,UNREGISTERED,5,170.4308233190388
26,56,137.544104,UNREGISTERED,2,1857.9405398913862
26,54,134.344599,REGISTERED,5,197.91734323654538
26,44,88.310387,CLUSTER_HEAD,4,187.91700324502807
26,43,126.981745,ROUTER,5,217.91767904233507
26,33,119.182007,ROUTER,5,217.917674569397
26,59,130.143231,UNREGISTERED,99999,221.97519686718041
26,55,71.432178,CLUSTER_HEAD,4,187.91692440094744
26,64,136.925458,UNREGISTERED,5,200.88263306849663
26,34,125.924027,ROUTER,5,1771.4692990231886
26,23,97.456859,UNREGISTERED,6,293.2899996912897
26,14,82.110283,UNREGISTERED,13,522.1498376052388
26,6,116.788225,UNREGISTERED,3,2070.6281317705198
26,28,80.482416,ROOT,0,2011.1000804824155
26,29,133.821675,ROUTER,1,2069.3836600521504
26,39,71.001807,UNREGISTERED,1,162.2170673941742
26,58,87.412882,CLUSTER_HEAD,4,221.97521863592078
26,49,58.179259,CLUSTER_HEAD,2,221.9751770560774
27,28,80.482416,ROOT,0,2611.1000804824157
27,48,134.636434,ROUTER,1,2637.938611325819
27,36,71.407445,REGISTERED,3,2582.9408672550667
27,38,91.107145,ROUTER,1,2578.30343562986
27,29,133.821675,ROUTER,1,2569.3836600521504
27,47,73.482787,CLUSTER_HEAD,2,124.07031476445752
27,7,109.630304,REGISTERED,3,2650.628065369097
27,46,63.473294,CLUSTER_HEAD,2,140.88219176563894
27,35,122.345039,ROUTER,3,1824.912035856848
27,57,135.738444,ROUTER,3,160.430768758726
27,45,91.658376,CLUSTER_HEAD,3,162.23076808803296
27,39,71.001807,UNREGISTERED,1,162.2170673941742
27,5,109.671116,REGISTERED,3,175.57459655813423
27,6,81.419485,UNREGISTERED,3,195.57467117446473
27,37,66.368127,ROUTER,1,2652.940852649762
27,44,88.310387,CLUSTER_HEAD,4,187.91700324502807
27,54,125.360586,REGISTERED,5,197.91733425253247
27,43,126.981745,ROUTER,5,217.91767904233507
27,67,134.975618,UNREGISTERED,5,170.4308233190388
27,56,75.632897,CLUSTER_HEAD,3,210.88298304570264
27,58,87.412882,CLUSTER_HEAD,4,221.97521863592078
27,59,74.922879,UNREGISTERED,99999,221.97514164682795
27,49,58.179259,CLUSTER_HEAD,2,221.9751770560774
27,68,85.670936,REGISTERED,5,221.97523555282578
27,66,79.981973,CLUSTER_HEAD,5,189.3848597334375
27,33,119.182007,ROUTER,5,217.917674569397
27,55,71.432178,CLUSTER_HEAD,4,187.91692440094744
27,64,136.925458,UNREGISTERED,5,200.88263306849663
27,65,60.810556,UNREGISTERED,4,210.8830290339186
27,34,115.634937,ROUTER,5,303.2902359582961
27,53,102.140855,REGISTERED,6,217.91765918920947
27,52,116.573059,REGISTERED,6,217.91763777611195
27,75,107.195758,ROUTER,5,278.67080760610054
27,32,94.034175,REGISTERED,6,217.91761158740408
27,42,86.707777,UNREGISTERED,6,210.88283732583636
27,23,97.456859,UNREGISTERED,6,293.2899996912897
27,73,119.447710,UNREGISTERED,6,317.91738306690536
27,14,82.110283,UNREGISTERED,13,522.1498376052388
27,4,81.926347,REGISTERED,13,522.1500780830075
28,48,83.314906,ROUTER,1,3937.9385600042906
28,29,63.594902,ROUTER,1,3969.383589825377
28,38,65.255785,ROUTER,1,3978.3034097785
28,39,64.796532,ROUTER,1,3962.2170611888987
28,37,99.460234,ROUTER,1,2705.5235997489854
29,48,123.169366,ROUTER,1,3937.9385998587504
29,38,123.615550,ROUTER,1,3978.3034681382646
29,47,73.482787,CLUSTER_HEAD,2,124.07031476445752
29,39,71.001807,ROUTER,1,3962.2170673941746
29,46,91.869965,CLUSTER_HEAD,2,167.52217818550517
29,57,109.245385,ROUTER,3,167.52216805317033
29,36,80.213292,REGISTERED,3,140.88213291751228
29,58,87.412882,CLUSTER_HEAD,4,221.97521863592078
29,59,74.922879,UNREGISTERED,99999,221.97514164682795
29,49,58.179259,CLUSTER_HEAD,2,221.9751770560774
29,7,109.630304,REGISTERED,3,178.3036805723545
29,37,104.267551,UNREGISTERED,1,205.52360455630225
29,67,62.083969,REGISTERED,5,221.97525765841345
29,68,85.670936,REGISTERED,5,221.97523555282578
29,66,79.981973,CLUSTER_HEAD,5,189.3848597334375
29,56,48.125142,CLUSTER_HEAD,3,210.88295553794748
29,54,134.344599,REGISTERED,5,197.91734323654538
29,35,122.345039,ROUTER,3,224.912035856848
29,45,91.658376,CLUSTER_HEAD,3,162.23076808803296
29,5,109.671116,REGISTERED,3,175.57459655813423
29,6,81.419485,UNREGISTERED,3,195.57467117446473
29,44,88.310387,CLUSTER_HEAD,4,187.91700324502807
29,43,126.981745,ROUTER,5,217.91767904233507
29,34,115.634937,ROUTER,5,303.2902359582961
30,40,69.170924,REGISTERED,7,1897.9403374238839
30,31,81.985588,UNREGISTERED,99999,1902.9412617667183
35,36,52.716358,REGISTERED,3,1867.4328865678415
35,37,86.858290,ROUTER,1,1905.5235871470404
35,34,84.771491,CLUSTER_HEAD,3,1871.4692578706522
35,44,88.310387,CLUSTER_HEAD,3,1857.9408779414605
35,45,43.921556,CLUSTER_HEAD,3,1867.940754366326
35,56,125.374306,UNREGISTERED,2,1857.9405277215874
35,47,80.213292,CLUSTER_HEAD,2,1857.9408439104584
35,38,100.636139,ROUTER,1,1837.9403562725702
35,46,63.473294,CLUSTER_HEAD,2,1816.4430282460153
35,48,73.482787,ROUTER,1,145.4534655210278
35,57,135.738444,REGISTERED,2,1857.9408421671023
35,7,109.630304,REGISTERED,3,178.3036805723545
35,5,112.616526,REGISTERED,3,175.57459950354354
35,67,134.975618,UNREGISTERED,5,170.4308233190388
35,54,134.344599,REGISTERED,5,197.91734323654538
35,43,126.981745,ROUTER,5,217.91767904233507
35,33,119.182007,ROUTER,5,217.917674569397
35,59,130.143231,UNREGISTERED,99999,221.97519686718041
35,55,71.432178,CLUSTER_HEAD,4,187.91692440094744
35,64,136.925458,UNREGISTERED,5,200.88263306849663
35,23,97.456859,UNREGISTERED,6,293.2899996912897
35,14,82.110283,UNREGISTERED,13,522.1498376052388
36,47,80.213292,CLUSTER_HEAD,2,2582.9403627576526
36,38,100.636139,ROUTER,1,2578.3034451588537
36,46,63.473294,CLUSTER_HEAD,2,1816.4430282460153
36,48,73.482787,ROUTER,1,145.4534655210278
36,57,135.738444,REGISTERED,2,1857.9408421671023
36,28,83.314906,ROOT,0,111.10008331490585
36,45,91.658376,UNREGISTERED,3,1867.9403258925345
36,7,109.630304,REGISTERED,3,178.3036805723545
36,39,71.001807,UNREGISTERED,1,162.2170673941742
36,37,41.614503,ROUTER,1,2582.940827896138
36,5,112.616526,REGISTERED,3,175.57459950354354
36,6,81.419485,UNREGISTERED,3,195.57467117446473
36,67,134.975618,UNREGISTERED,5,170.4308233190388
36,56,137.544104,UNREGISTERED,2,1857.9405398913862
36,54,134.344599,REGISTERED,5,197.91734323654538
36,44,88.310387,CLUSTER_HEAD,4,187.91700324502807
36,43,126.981745,ROUTER,5,217.91767904233507
36,33,119.182007,ROUTER,5,217.917674569397
36,59,130.143231,UNREGISTERED,99999,221.97519686718041
36,58,63.354477,CLUSTER_HEAD,4,221.97519457751594
36,68,85.670936,REGISTERED,5,221.97523555282578
36,66,79.981973,CLUSTER_HEAD,5,189.3848597334375
36,49,58.179259,CLUSTER_HEAD,2,221.9751770560774
36,55,71.432178,CLUSTER_HEAD,4,187.91692440094744
36,64,136.925458,UNREGISTERED,5,200.88263306849663
36,34,125.924027,ROUTER,5,1771.4692990231886
36,65,60.810556,UNREGISTERED,4,210.8830290339186
36,53,102.140855,REGISTERED,6,217.91765918920947
36,52,116.573059,REGISTERED,6,217.91763777611195
36,75,107.195758,ROUTER,5,278.67080760610054
36,32,94.034175,REGISTERED,6,217.91761158740408
36,42,86.707777,UNREGISTERED,6,210.88283732583636
36,23,97.456859,UNREGISTERED,6,293.2899996912897
36,76,75.926401,UNREGISTERED,6,189.3849316042676
36,77,99.650461,UNREGISTERED,6,189.38497905238688
36,22,95.223262,REGISTERED,6,200.88386934743048
36,73,119.447710,UNREGISTERED,6,317.91738306690536
36,63,129.375298,UNREGISTERED,6,307.9174353681713
36,72,131.961378,UNREGISTERED,7,380.88292321304385
36,13,71.932637,UNREGISTERED,12,415.5748013584317
36,14,82.110283,UNREGISTERED,13,522.1498376052388
36,4,81.926347,REGISTERED,13,522.1500780830075
36,3,118.617721,ROUTER,12,522.1501069592258
37,46,54.920434,CLUSTER_HEAD,2,1816.4430196931553
37,38,59.261539,ROUTER,1,2678.3034037842535
37,47,42.748176,CLUSTER_HEAD,2,2612.9402945328716
37,5,112.616526,REGISTERED,3,175.57459950354354
37,7,121.249319,REGISTERED,3,178.30369219136932
37,45,116.572045,REGISTERED,2,1857.9408784491272
37,57,112.119057,REGISTERED,2,1857.9408185477153
37,6,81.419485,UNREGISTERED,3,195.57467117446473
37,48,104.267551,ROUTER,1,2737.9385809569358
37,39,139.806409,ROUTER,1,2762.2171361987766
37,44,88.310387,CLUSTER_HEAD,4,187.91700324502807
37,54,125.360586,REGISTERED,5,197.91733425253247
37,43,126.981745,ROUTER,5,217.91767904233507
37,67,134.975618,UNREGISTERED,5,170.4308233190388
37,56,127.978118,UNREGISTERED,2,1857.9405303253993
37,58,63.354477,CLUSTER_HEAD,4,221.97519457751594
37,68,85.670936,REGISTERED,5,221.97523555282578
37,66,79.981973,CLUSTER_HEAD,5,189.3848597334375
37,59,124.129689,UNREGISTERED,99999,221.97519085363865
37,49,58.179259,CLUSTER_HEAD,2,221.9751770560774
37,55,71.432178,CLUSTER_HEAD,4,187.91692440094744
37,64,136.925458,UNREGISTERED,5,200.88263306849663
37,33,134.807236,ROUTER,5,217.91769019462623
37,65,60.810556,UNREGISTERED,4,210.8830290339186
37,34,115.634937,ROUTER,5,303.2902359582961
37,76,99.576349,UNREGISTERED,6,189.38495525421538
37,77,79.280796,UNREGISTERED,6,189.38495868272176
37,75,65.048194,CLUSTER_HEAD,5,198.6717490218489
37,23,97.456859,UNREGISTERED,6,293.2899996912897
37,85,58.289024,CLUSTER_HEAD,6,198.67199642725865
37,74,62.039353,REGISTERED,6,198.67199789028336
37,53,91.532074,REGISTERED,6,287.9172708820418
37,52,129.985844,UNREGISTERED,6,277.9175300054835
37,78,99.036085,CLUSTER_HEAD,6,295.4319741547541
37,63,129.375298,UNREGISTERED,6,307.9174353681713
37,32,94.034175,REGISTERED,6,217.91761158740408
37,42,86.707777,UNREGISTERED,6,210.88283732583636
37,73,119.447710,UNREGISTERED,6,317.91738306690536
37,69,84.816640,UNREGISTERED,6,311.9745254605732
37,22,95.223262,REGISTERED,6,200.88386934743048
37,72,131.961378,UNREGISTERED,7,380.88292321304385
37,95,139.339880,ROUTER,7,308.6721249064195
37,86,56.935103,UNREGISTERED,6,310.4317412100628
37,87,99.701289,UNREGISTERED,6,310.43182674243667
37,14,82.110283,UNREGISTERED,13,522.1498376052388
37,4,81.926347,REGISTERED,13,522.1500780830075
37,3,118.617721,ROUTER,12,522.1501069592258
38,47,41.257283,CLUSTER_HEAD,2,2612.9402930419787
38,48,46.697949,ROUTER,1,3937.938523387334
38,46,91.869965,CLUSTER_HEAD,2,1816.4430566426863
38,57,109.245385,REGISTERED,2,1857.9408156740442
38,39,83.666408,ROUTER,1,3962.217080058775
38,7,109.630304,REGISTERED,3,178.3036805723545
38,45,91.658376,CLUSTER_HEAD,3,162.23076808803296
38,67,134.975618,UNREGISTERED,5,170.4308233190388
38,56,75.632897,CLUSTER_HEAD,3,210.88298304570264
38,54,134.344599,REGISTERED,5,197.91734323654538
38,59,118.587548,UNREGISTERED,99999,221.97518531149734
38,58,63.354477,CLUSTER_HEAD,4,221.97519457751594
38,68,85.670936,REGISTERED,5,221.97523555282578
38,66,79.981973,CLUSTER_HEAD,5,189.3848597334375
38,49,58.179259,CLUSTER_HEAD,2,221.9751770560774
38,5,109.671116,REGISTERED,3,175.57459655813423
38,6,81.419485,UNREGISTERED,3,195.57467117446473
38,44,88.310387,CLUSTER_HEAD,4,187.91700324502807
38,43,126.981745,ROUTER,5,217.91767904233507
38,55,71.432178,CLUSTER_HEAD,4,187.91692440094744
38,64,136.925458,UNREGISTERED,5,200.88263306849663
38,33,134.807236,ROUTER,5,217.91769019462623
38,65,60.810556,UNREGISTERED,4,210.8830290339186
38,76,99.576349,UNREGISTERED,6,189.38495525421538
38,77,79.280796,UNREGISTERED,6,189.38495868272176
38,75,65.048194,CLUSTER_HEAD,5,198.6717490218489
38,34,115.634937,ROUTER,5,303.2902359582961
38,78,99.036085,CLUSTER_HEAD,6,295.4319741547541
38,69,84.816640,UNREGISTERED,6,311.9745254605732
39,48,60.466700,ROUTER,1,3937.9385371560847
39,49,59.858160,CLUSTER_HEAD,2,3965.453493180767
39,47,73.482787,CLUSTER_HEAD,2,124.07031476445752
39,46,91.869965,CLUSTER_HEAD,2,167.52217818550517
39,57,109.245385,ROUTER,3,167.52216805317033
39,59,107.411462,UNREGISTERED,99999,221.9751741354111
39,58,87.412882,CLUSTER_HEAD,4,221.97521863592078
39,7,109.630304,REGISTERED,3,178.3036805723545
39,67,62.083969,REGISTERED,5,221.97525765841345
39,68,85.670936,REGISTERED,5,221.97523555282578
39,66,79.981973,CLUSTER_HEAD,5,189.3848597334375
39,56,48.125142,CLUSTER_HEAD,3,210.88295553794748
39,54,134.344599,REGISTERED,5,197.91734323654538
39,35,86.858290,ROUTER,3,224.91200037009818
39,5,112.616526,REGISTERED,3,175.57459950354354
39,15,85.044757,REGISTERED,3,175.57459017073256
39,25,60.800412,REGISTERED,3,181.46917237798692
39,45,116.572045,ROUTER,3,250.88232426777927
39,44,88.310387,CLUSTER_HEAD,4,187.91700324502807
39,43,126.981745,ROUTER,5,217.91767904233507
39,55,71.432178,CLUSTER_HEAD,4,187.91692440094744
39,64,136.925458,UNREGISTERED,5,200.88263306849663
39,33,134.807236,ROUTER,5,217.91769019462623
39,65,60.810556,UNREGISTERED,4,210.8830290339186
39,34,115.634937,ROUTER,5,303.2902359582961
39,6,81.419485,UNREGISTERED,3,195.57467117446473
46,47,52.047798,CLUSTER_HEAD,2,1747.9389158153558
46,48,124.419868,ROUTER,1,1837.938601109252
46,57,74.378779,ROUTER,3,1834.0703875407405
46,28,83.314906,ROOT,0,111.10008331490585
46,45,79.403389,ROUTER,3,1750.8822870991232
46,67,134.975618,REGISTERED,5,1770.4308233190386
46,56,75.632897,ROUTER,3,1777.5222375813341
46,54,134.344599,REGISTERED,5,1797.9171432614455
46,44,88.310387,CLUSTER_HEAD,4,187.91700324502807
46,43,126.981745,ROUTER,5,217.91767904233507
46,5,112.616526,REGISTERED,3,175.57459950354354
46,7,121.249319,REGISTERED,3,178.30369219136932
46,58,63.354477,CLUSTER_HEAD,4,221.97519457751594
46,68,85.670936,REGISTERED,5,221.97523555282578
46,66,121.602148,ROUTER,5,1770.4308321704366
46,59,124.129689,UNREGISTERED,99999,221.97519085363865
46,49,58.179259,CLUSTER_HEAD,2,221.9751770560774
46,55,71.432178,CLUSTER_HEAD,4,187.91692440094744
46,64,136.925458,UNREGISTERED,5,200.88263306849663
46,33,134.807236,ROUTER,5,217.91769019462623
46,65,60.810556,UNREGISTERED,4,210.8830290339186
46,53,102.140855,REGISTERED,6,217.91765918920947
46,52,116.573059,REGISTERED,6,217.91763777611195
46,34,84.771491,ROUTER,5,323.28991430961224
46,75,107.195758,ROUTER,5,278.67080760610054
46,32,94.034175,REGISTERED,6,217.91761158740408
46,42,86.707777,UNREGISTERED,6,210.88283732583636
46,76,99.576349,UNREGISTERED,6,189.38495525421538
46,77,79.280796,UNREGISTERED,6,189.38495868272176
46,22,95.223262,REGISTERED,6,200.88386934743048
46,85,58.289024,CLUSTER_HEAD,6,198.67199642725865
46,74,62.039353,REGISTERED,6,198.67199789028336
46,78,99.036085,CLUSTER_HEAD,6,295.4319741547541
46,63,129.375298,UNREGISTERED,6,307.9174353681713
46,23,97.456859,UNREGISTERED,6,293.2899996912897
46,73,119.447710,UNREGISTERED,6,317.91738306690536
46,69,84.816640,UNREGISTERED,6,311.9745254605732
46,72,131.961378,UNREGISTERED,7,380.88292321304385
46,95,139.339880,ROUTER,7,308.6721249064195
46,86,56.935103,UNREGISTERED,6,310.4317412100628
46,87,99.701289,UNREGISTERED,6,310.43182674243667
46,14,82.110283,UNREGISTERED,13,522.1498376052388
47,48,73.482787,ROUTER,1,2537.938550172172
47,57,76.877267,REGISTERED,3,2347.9407833059263
47,28,83.314906,ROOT,0,111.10008331490585
47,45,130.555324,REGISTERED,2,1857.940892432406
47,67,136.153314,REGISTERED,5,1770.4308244967347
47,56,105.393649,UNREGISTERED,2,1857.9405077409308
47,54,134.344599,REGISTERED,5,197.91734323654538
47,59,130.143231,UNREGISTERED,99999,221.97519686718041
47,58,63.354477,CLUSTER_HEAD,4,221.97519457751594
47,68,85.670936,REGISTERED,5,221.97523555282578
47,66,79.981973,CLUSTER_HEAD,5,189.3848597334375
47,49,58.179259,CLUSTER_HEAD,2,221.9751770560774
47,7,109.630304,REGISTERED,3,178.3036805723545
47,5,112.616526,REGISTERED,3,175.57459950354354
47,44,88.310387,CLUSTER_HEAD,4,187.91700324502807
47,43,126.981745,ROUTER,5,217.91767904233507
47,33,119.182007,ROUTER,5,217.917674569397
47,55,71.432178,CLUSTER_HEAD,4,187.91692440094744
47,64,136.925458,UNREGISTERED,5,200.88263306849663
47,65,60.810556,UNREGISTERED,4,210.8830290339186
47,76,99.576349,UNREGISTERED,6,189.38495525421538
47,77,79.280796,UNREGISTERED,6,189.38495868272176
47,75,65.048194,CLUSTER_HEAD,5,198.6717490218489
47,34,125.924027,ROUTER,5,358.2902462473859
47,23,97.456859,UNREGISTERED,6,293.2899996912897
47,78,99.036085,CLUSTER_HEAD,6,295.4319741547541
47,69,84.816640,UNREGISTERED,6,311.9745254605732
47,14,82.110283,UNREGISTERED,13,522.1498376052388
48,57,112.813897,REGISTERED,2,1857.9408192425558
48,58,87.412882,CLUSTER_HEAD,4,1759.3838677597503
48,59,74.922879,UNREGISTERED,99999,221.97514164682795
48,49,58.179259,CLUSTER_HEAD,2,3965.4534915018658
48,7,109.630304,REGISTERED,3,178.3036805723545
48,45,91.658376,CLUSTER_HEAD,3,162.23076808803296
48,67,62.083969,REGISTERED,5,221.97525765841345
48,68,85.670936,REGISTERED,5,221.97523555282578
48,66,79.981973,CLUSTER_HEAD,5,189.3848597334375
48,56,48.125142,CLUSTER_HEAD,3,210.88295553794748
48,54,134.344599,REGISTERED,5,197.91734323654538
48,5,109.671116,REGISTERED,3,175.57459655813423
48,6,81.419485,UNREGISTERED,3,195.57467117446473
48,44,88.310387,CLUSTER_HEAD,4,187.91700324502807
48,43,126.981745,ROUTER,5,217.91767904233507
48,55,71.432178,CLUSTER_HEAD,4,187.91692440094744
48,64,136.925458,UNREGISTERED,5,200.88263306849663
48,33,134.807236,ROUTER,5,217.91769019462623
48,65,60.810556,UNREGISTERED,4,210.8830290339186
48,76,99.576349,UNREGISTERED,6,189.38495525421538
48,77,79.280796,UNREGISTERED,6,189.38495868272176
48,75,65.048194,CLUSTER_HEAD,5,198.6717490218489
48,34,115.634937,ROUTER,5,303.2902359582961
48,78,99.036085,CLUSTER_HEAD,6,295.4319741547541
48,69,84.816640,UNREGISTERED,6,311.9745254605732
49,59,52.152869,CLUSTER_HEAD,3,3987.9402733705906
49,28,83.314906,ROOT,0,211.10008331490585
49,57,112.813897,ROUTER,3,234.0704259758585
49,58,87.412882,CLUSTER_HEAD,4,221.97521863592078
49,7,109.630304,REGISTERED,3,178.3036805723545
49,67,62.083969,REGISTERED,5,221.97525765841345
49,68,85.670936,REGISTERED,5,221.97523555282578
49,66,79.981973,CLUSTER_HEAD,5,189.3848597334375
49,56,48.125142,CLUSTER_HEAD,3,210.88295553794748
49,35,86.858290,ROUTER,3,224.91200037009818
49,45,116.572045,ROUTER,3,250.88232426777927
50,51,83.175245,UNREGISTERED,6,1887.9412446786064
50,40,55.607431,REGISTERED,7,1897.9403238603904
50,61,94.839880,REGISTERED,7,1905.885775088236
55,45,71.432178,UNREGISTERED,3,1867.940305666336
55,56,71.627588,UNREGISTERED,2,1857.940473974869
55,57,118.499317,REGISTERED,2,1857.9408249279759
55,54,32.016335,CLUSTER_HEAD,4,1897.9170409331814
55,74,126.018513,ROUTER,7,1898.6718720315203
56,57,48.125142,REGISTERED,3,2347.9407545538006
56,45,103.573565,REGISTERED,2,1857.940865450647
57,58,63.354477,REGISTERED,4,2347.940830818563
57,45,134.005906,REGISTERED,2,1857.9408958829881
57,28,83.314906,ROOT,0,111.10008331490585
57,67,136.153314,REGISTERED,5,1770.4308244967347
57,54,134.344599,REGISTERED,5,197.91734323654538
57,59,130.143231,UNREGISTERED,99999,221.97519686718041
57,68,85.670936,REGISTERED,5,221.97523555282578
57,66,79.981973,CLUSTER_HEAD,5,189.3848597334375
57,34,125.924027,ROUTER,5,358.2902462473859
58,59,64.499089,CLUSTER_HEAD,3,2522.9403397406313
58,56,109.160569,UNREGISTERED,2,1857.9405115078503
58,45,134.005906,REGISTERED,2,1857.9408958829881
58,35,113.343158,ROUTER,3,1824.9120268549664
58,67,136.153314,REGISTERED,5,1770.4308244967347
59,68,83.157941,CLUSTER_HEAD,5,1764.3833952615105
59,67,128.850495,REGISTERED,5,1770.4308171939163
59,45,134.005906,ROUTER,3,187.9170364557713
59,66,79.981973,CLUSTER_HEAD,5,189.3848597334375
59,56,48.125142,CLUSTER_HEAD,3,210.88295553794748
59,54,134.344599,REGISTERED,5,197.91734323654538
59,28,83.314906,ROOT,0,211.10008331490585
59,7,109.630304,REGISTERED,3,178.3036805723545
59,76,99.576349,UNREGISTERED,6,189.38495525421538
59,77,79.280796,UNREGISTERED,6,189.38495868272176
59,69,74.826675,REGISTERED,6,1811.9745154706075
59,44,65.932853,CLUSTER_HEAD,4,187.91698086749415
59,55,71.432178,CLUSTER_HEAD,4,187.91692440094744
59,43,101.061037,ROUTER,5,217.9176531216269
59,64,136.925458,UNREGISTERED,5,200.88263306849663
59,33,134.807236,ROUTER,5,217.91769019462623
59,75,65.048194,CLUSTER_HEAD,5,198.6717490218489
59,65,33.190909,UNREGISTERED,4,210.88300141427064
59,78,81.762433,CLUSTER_HEAD,6,295.4319568811023
59,89,93.761474,UNREGISTERED,7,295.4320626416165
59,79,45.989396,UNREGISTERED,8,305.43102300164776
59,87,68.614431,UNREGISTERED,6,310.43179565557864
59,85,58.289024,CLUSTER_HEAD,6,198.67199642725865
59,74,62.039353,REGISTERED,6,198.67199789028336
59,88,89.428678,REGISTERED,7,280.43122225025746
59,34,92.621321,ROUTER,5,348.29021294468004
59,95,139.339880,ROUTER,7,308.6721249064195
59,73,122.394372,UNREGISTERED,6,317.9173860135675
59,86,56.935103,UNREGISTERED,6,310.4317412100628
59,83,139.946826,ROUTER,6,498.67212500832466
60,51,105.005964,ROUTER,8,1740.8827326747821
60,61,69.533594,REGISTERED,7,1905.88574978195
60,71,83.715221,UNREGISTERED,8,477.9176868402219
60,62,134.474642,ROUTER,7,1767.9173882168466
60,40,126.960362,ROUTER,10,1785.8839693872842
60,70,43.048734,REGISTERED,11,1835.885696812231
64,45,136.925458,REGISTERED,2,1857.9408988025396
64,56,133.755690,UNREGISTERED,2,1857.940536102972
64,54,55.446442,CLUSTER_HEAD,4,1897.917064363289
64,53,90.914149,CLUSTER_HEAD,5,1887.9411549444392
64,63,63.772837,CLUSTER_HEAD,6,1877.9403475089898
64,74,65.990803,ROUTER,7,1898.6718120038101
64,52,130.558474,ROUTER,5,1887.9403745169095
64,84,124.463823,REGISTERED,9,1898.672050289655
65,56,60.810556,UNREGISTERED,2,1857.9404631578382
65,57,104.964718,REGISTERED,2,1857.9408113933769
65,45,121.669480,REGISTERED,2,1857.9408835465622
65,54,74.456792,CLUSTER_HEAD,4,1897.9170833736387
65,74,99.494197,ROUTER,7,1898.6718455072046
66,56,46.125525,UNREGISTERED,2,1857.940448472807
66,45,135.084423,REGISTERED,2,1857.940896961505
66,74,123.283631,ROUTER,7,1898.671869296638
67,56,78.743869,UNREGISTERED,2,1857.9404810911503
68,58,41.952361,REGISTERED,4,2472.9403158134596
68,56,121.589566,UNREGISTERED,2,1857.9405239368473
70,61,75.959419,REGISTERED,7,1905.8857562077753
71,62,85.556705,UNREGISTERED,6,1887.9412103458665
71,52,133.280670,ROUTER,5,1887.9403772391051
71,82,109.909166,UNREGISTERED,9,1882.940403998245
71,61,60.831214,REGISTERED,7,1905.8857410795697
72,62,80.682292,UNREGISTERED,6,1887.9412054714528
72,63,81.573624,CLUSTER_HEAD,6,1877.940365309777
72,83,80.029174,CLUSTER_HEAD,8,1898.6720650906723
72,82,60.370171,UNREGISTERED,9,1882.9403544592496
72,74,126.382640,ROUTER,7,1898.6718723956467
72,84,132.662998,REGISTERED,9,1898.6720584888296
72,61,112.898821,REGISTERED,7,1905.8857931471775
73,63,42.980559,CLUSTER_HEAD,6,1877.940326716712
73,62,84.695324,UNREGISTERED,6,1887.9412094844854
73,74,67.627319,ROUTER,7,1898.671813640326
73,52,130.254506,ROUTER,5,1887.940374212941
73,83,70.971324,CLUSTER_HEAD,8,1898.6720560328226
73,84,99.014374,REGISTERED,9,1898.672024840206
73,82,109.011876,UNREGISTERED,9,1882.9404031009542
74,85,73.192198,UNREGISTERED,8,2698.6718154548776
75,56,107.751128,UNREGISTERED,2,1857.9405100984095
75,74,62.039353,ROUTER,7,1898.6718080523597
75,85,58.289024,UNREGISTERED,8,2677.9415797598067
75,84,103.975720,REGISTERED,9,1898.672029801552
76,56,121.116486,UNREGISTERED,2,1857.9405234637675
76,85,50.961902,UNREGISTERED,8,2498.6717932245815
76,74,104.161547,ROUTER,7,1898.6718501745545
76,84,123.309218,REGISTERED,9,1898.6720491350502
77,57,138.160993,REGISTERED,2,1857.940844589652
77,56,135.239270,UNREGISTERED,2,1857.9405375865515
77,85,97.812368,UNREGISTERED,8,2798.671840075047
80,81,53.229274,REGISTERED,8,1833.6735449364596
80,91,73.230178,REGISTERED,8,1833.6735849382685
80,72,123.282189,REGISTERED,7,1780.8829145338545
80,82,110.387403,UNREGISTERED,9,1882.9404044764813
80,71,84.470284,UNREGISTERED,8,477.91768759528566
81,82,57.647355,UNREGISTERED,9,1882.9403517364333
84,85,74.022750,UNREGISTERED,8,2798.6718162854286
85,94,97.937778,REGISTERED,9,1888.6721340137892
86,85,70.770127,UNREGISTERED,8,2698.6718130328063
86,84,138.595654,REGISTERED,9,1898.6720644214856
90,81,73.103145,REGISTERED,8,1833.673564810331
90,91,52.804533,REGISTERED,8,1833.6735645126234
90,82,113.234037,UNREGISTERED,9,1882.9404073231156
91,82,60.452125,UNREGISTERED,9,1882.940354541204
95,84,93.445661,REGISTERED,9,1898.6720192714934
95,85,81.101287,UNREGISTERED,8,2798.671823363966
95,74,134.984004,ROUTER,7,1898.6718809970107
95,94,85.135353,REGISTERED,9,1888.6721212113646
