source_id,target_id,distance
0,1,47.158002
0,2,100.766565
0,3,166.790276
0,4,242.321970
0,5,296.931384
0,6,331.082663
0,7,422.506332
0,8,470.540972
0,9,516.248905
0,10,72.081310
0,11,94.658327
0,12,131.166502
0,13,172.182769
0,14,243.724405
0,15,318.399069
0,16,360.550284
0,17,420.739872
0,18,480.253055
0,19,536.534873
0,20,135.195759
0,21,149.941027
0,22,188.151118
0,23,215.112424
0,24,251.650739
0,25,338.352269
0,26,370.391115
0,27,459.899325
0,28,501.960028
0,29,574.343321
0,30,198.274228
0,31,205.736094
0,32,245.483001
0,33,272.915473
0,34,309.720793
0,35,341.790932
0,36,397.478492
0,37,474.822441
0,38,503.772787
0,39,567.686136
0,40,276.136148
0,41,265.713105
0,42,277.681681
0,43,333.007790
0,44,344.002490
0,45,394.954941
0,46,464.902030
0,47,503.967460
0,48,537.268709
0,49,601.625405
0,50,334.314999
0,51,312.476771
0,52,353.045801
0,53,372.893959
0,54,421.965661
0,55,458.785484
0,56,475.794990
0,57,545.019113
0,58,591.112190
0,59,657.279268
0,60,386.624842
0,61,368.767622
0,62,409.389280
0,63,435.878584
0,64,465.386813
0,65,514.772916
0,66,536.855079
0,67,571.678122
0,68,636.436203
0,69,677.839620
0,70,456.856258
0,71,459.411646
0,72,451.293086
0,73,497.856989
0,74,499.351568
0,75,533.938921
0,76,578.060463
0,77,620.809387
0,78,680.083008
0,79,729.549617
0,80,485.135384
0,81,491.098488
0,82,530.650685
0,83,552.841127
0,84,559.700329
0,85,600.777141
0,86,622.934646
0,87,675.129136
0,88,689.029844
0,89,765.483443
0,90,558.137968
0,91,548.831673
0,92,570.272465
0,93,613.879685
0,94,620.881299
0,95,668.313167
0,96,684.638720
0,97,713.576211
0,98,766.474048
0,99,801.826326
1,2,56.732033
1,3,119.664299
1,4,195.164013
1,5,250.090712
1,6,284.048526
1,7,375.437909
1,8,423.403990
1,9,469.185112
1,10,82.512049
1,11,83.726560
1,12,97.116438
1,13,129.971859
1,14,198.056298
1,15,271.948549
1,16,313.657823
1,17,373.798202
1,18,433.229348
1,19,489.533881
1,20,134.484662
1,21,136.026381
1,22,162.210992
1,23,177.160979
1,24,209.733679
1,25,294.553806
1,26,325.719197
1,27,414.061844
1,28,455.846128
1,29,527.673627
1,30,196.534971
1,31,189.401702
1,32,217.645327
1,33,239.083489
1,34,270.186401
1,35,300.938951
1,36,354.589078
1,37,429.960330
1,38,458.654435
1,39,521.858591
1,40,271.343747
1,41,250.411171
1,42,254.989354
1,43,303.118323
1,44,309.623057
1,45,355.537214
1,46,424.642118
1,47,461.500834
1,48,494.096982
1,49,556.718540
1,50,332.017927
1,51,301.024218
1,52,335.643576
1,53,347.763910
1,54,390.776608
1,55,423.864384
1,56,437.791815
1,57,504.488184
1,58,550.204272
1,59,614.529767
1,60,383.477141
1,61,357.365955
1,62,388.746238
1,63,410.143164
1,64,435.363784
1,65,481.936667
1,66,502.095017
1,67,532.975345
1,68,597.001356
1,69,636.868661
1,70,450.466045
1,71,447.209399
1,72,434.611882
1,73,476.131791
1,74,473.013574
1,75,503.536678
1,76,544.275976
1,77,584.148686
1,78,642.483446
1,79,690.185014
1,80,480.433042
1,81,481.329267
1,82,515.424593
1,83,531.625480
1,84,534.253225
1,85,571.806072
1,86,589.922631
1,87,640.950044
1,88,652.440434
1,89,726.849841
1,90,551.412715
1,91,536.105614
1,92,555.014753
1,93,594.279315
1,94,597.542651
1,95,640.985340
1,96,653.195251
1,97,680.258176
1,98,731.334877
1,99,765.225013
2,3,76.640904
2,4,147.733920
2,5,206.578273
2,6,238.337152
2,7,328.728429
2,8,375.400182
2,9,422.199855
2,10,101.142496
2,11,77.579495
2,12,51.152132
2,13,73.335504
2,14,143.120042
2,15,218.521319
2,16,261.818572
2,17,322.102853
2,18,381.980912
2,19,438.046174
2,20,127.742128
2,21,112.319206
2,22,120.262205
2,23,122.369340
2,24,153.039750
2,25,238.077826
2,26,269.709172
2,27,359.265032
2,28,401.496624
2,29,474.640531
2,30,181.492608
2,31,157.206491
2,32,171.133890
2,33,186.643107
2,34,214.047650
2,35,244.364591
2,36,297.906299
2,37,374.104259
2,38,403.014008
2,39,467.027750
2,40,248.658802
2,41,216.428283
2,42,212.797032
2,43,253.218465
2,44,256.198533
2,45,299.312529
2,46,368.130859
2,47,404.784805
2,48,437.483698
2,49,500.905951
2,50,310.382251
2,51,269.798344
2,52,297.260736
2,53,301.607705
2,54,339.211035
2,55,369.670858
2,56,382.010036
2,57,447.896071
2,58,493.544604
2,59,557.852972
2,60,359.774910
2,61,324.973939
2,62,346.384447
2,63,362.896872
2,64,384.468759
2,65,428.897386
2,66,447.836870
2,67,476.856847
2,68,540.633977
2,69,580.192217
2,70,422.151391
2,71,412.716187
2,72,395.672981
2,73,432.021163
2,74,424.880964
2,75,452.114082
2,76,490.517447
2,77,528.814491
2,78,586.711871
2,79,633.812216
2,80,453.625888
2,81,449.040689
2,82,477.251642
2,83,487.656475
2,84,486.589046
2,85,521.240774
2,86,536.560749
2,87,586.834141
2,88,597.089397
2,89,670.679678
2,90,521.748409
2,91,500.292486
2,92,516.547935
2,93,551.481262
2,94,551.416662
2,95,591.489675
2,96,600.736029
2,97,626.595828
2,98,676.627513
2,99,709.808236
3,4,75.771433
3,5,131.214127
3,6,164.509097
3,7,255.815672
3,8,303.751776
3,9,349.562573
3,10,177.766473
3,11,151.310965
3,12,102.409864
3,13,72.175509
3,14,92.774757
3,15,157.873787
3,16,196.369992
3,17,255.979215
3,18,314.811669
3,19,371.182765
3,20,197.330600
3,21,172.556727
3,22,157.285625
3,23,121.677951
3,24,126.536065
3,25,194.069422
3,26,219.943724
3,27,301.520913
3,28,341.794779
3,29,410.897073
3,30,242.655418
3,31,203.429736
3,32,191.256213
3,33,187.227043
3,34,190.990776
3,35,213.598929
3,36,256.013894
3,37,321.514233
3,38,348.847084
3,39,408.716172
3,40,299.596309
3,41,255.288549
3,42,238.232593
3,43,257.276089
3,44,247.344664
3,45,271.125064
3,46,334.508773
3,47,362.191743
3,48,391.623669
3,49,447.058689
3,50,360.234399
3,51,309.595990
3,52,324.893017
3,53,313.294306
3,54,334.020809
3,55,352.932917
3,56,355.547349
3,57,411.604291
3,58,455.273078
3,59,512.410973
3,60,406.028585
3,61,361.025320
3,62,364.748658
3,63,369.679679
3,64,380.200086
3,65,415.897033
3,66,429.132578
3,67,446.002629
3,68,506.534608
3,69,540.732813
3,70,461.358553
3,71,443.238857
3,72,419.151983
3,73,444.421369
3,74,427.747905
3,75,444.600054
3,76,473.435113
3,77,503.131890
3,78,557.520453
3,79,598.915079
3,80,494.224724
3,81,482.180873
3,82,500.389861
3,83,499.292381
3,84,489.490952
3,85,515.375142
3,86,520.546006
3,87,566.970803
3,88,570.618920
3,89,637.621021
3,90,557.501527
3,91,527.064862
3,92,538.526128
3,93,564.631431
3,94,557.164574
3,95,587.931458
3,96,587.508128
3,97,608.366744
3,98,653.129189
3,99,682.102348
4,5,61.466779
4,6,90.700418
4,7,181.100008
4,8,228.401939
4,9,274.720659
4,10,246.612902
4,11,215.135478
4,12,156.851386
4,13,106.968592
4,14,55.286379
4,15,88.280702
4,16,121.882629
4,17,180.795523
4,18,239.228273
4,19,295.595450
4,20,254.294818
4,21,222.283779
4,22,189.949057
4,23,130.910419
4,24,106.332168
4,25,139.301722
4,26,157.352526
4,27,230.245099
4,28,268.995935
4,29,336.055566
4,30,288.437148
4,31,237.836650
4,32,203.518764
4,33,181.313529
4,34,159.714034
4,35,171.144240
4,36,199.073672
4,37,253.494068
4,38,279.346726
4,39,336.253746
4,40,332.004217
4,41,278.319280
4,42,249.858594
4,43,246.242268
4,44,224.270554
4,45,226.707321
4,46,282.031982
4,47,301.203655
4,48,327.536331
4,49,376.909014
4,50,389.096539
4,51,330.168136
4,52,332.482616
4,53,305.726145
4,54,308.672241
4,55,315.550686
4,56,308.922327
4,57,354.855235
4,58,396.191498
4,59,447.320200
4,60,429.591459
4,61,375.438123
4,62,361.176494
4,63,354.427530
4,64,353.732403
4,65,379.904106
4,66,387.488770
4,67,393.208551
4,68,450.122403
4,69,479.762606
4,70,475.910224
4,71,449.189858
4,72,418.656495
4,73,432.071391
4,74,406.561036
4,75,412.974396
4,76,432.255655
4,77,453.801556
4,78,504.500764
4,79,540.921245
4,80,509.519394
4,81,489.841272
4,82,497.332423
4,83,484.763261
4,84,466.681518
4,85,483.680670
4,86,479.440937
4,87,521.752259
4,88,519.707297
4,89,580.741986
4,90,566.392994
4,91,527.142557
4,92,533.481501
4,93,550.266660
4,94,535.712379
4,95,557.137725
4,96,547.876721
4,97,564.049922
4,98,603.846216
4,99,629.121416
5,6,36.310749
5,7,126.738351
5,8,176.049363
5,9,220.062623
5,10,306.704234
5,11,276.183634
5,12,218.312444
5,13,168.044517
5,14,103.869048
5,15,84.514040
5,16,92.476209
5,17,141.953514
5,18,195.248109
5,19,250.627645
5,20,315.754261
5,21,283.406470
5,22,248.785273
5,23,186.026080
5,24,152.069174
5,25,150.191346
5,26,154.161048
5,27,203.501695
5,28,236.634180
5,29,295.129616
5,30,348.741083
5,31,296.271733
5,32,255.979129
5,33,226.905215
5,34,191.252197
5,35,191.784934
5,36,200.332843
5,37,233.149994
5,38,254.933611
5,39,303.319615
5,40,388.836061
5,41,332.782662
5,42,300.585819
5,43,285.628331
5,44,256.856979
5,45,240.825104
5,46,284.176835
5,47,291.143140
5,48,311.794664
5,49,348.817302
5,50,444.273880
5,51,382.913634
5,52,379.478829
5,53,345.127538
5,54,335.858997
5,55,332.329637
5,56,316.704789
5,57,349.117760
5,58,386.328547
5,59,427.546272
5,60,482.442300
5,61,424.957467
5,62,401.619047
5,63,387.630249
5,64,378.690891
5,65,396.081604
5,66,398.106088
5,67,391.521654
5,68,442.826760
5,69,465.835019
5,70,524.398190
5,71,493.600063
5,72,459.892197
5,73,465.699066
5,74,434.372890
5,75,432.274479
5,76,442.370616
5,77,454.949293
5,78,500.593879
5,79,530.323550
5,80,558.084279
5,81,534.726705
5,82,536.028985
5,83,516.107273
5,84,492.197803
5,85,501.662566
5,86,488.802139
5,87,526.320552
5,88,518.066301
5,89,571.173146
5,90,611.286219
5,91,567.410901
5,92,570.555628
5,93,580.935212
5,94,561.328652
5,95,574.912730
5,96,557.718996
5,97,569.029429
5,98,603.088454
5,99,623.891878
6,7,91.486055
6,8,140.297187
6,9,185.188045
6,10,337.221172
6,11,305.049403
6,12,245.408638
6,13,193.128036
6,14,120.609572
6,15,74.722394
6,16,64.464548
6,17,107.164230
6,18,159.095519
6,19,214.345409
6,20,341.861689
6,21,307.624081
6,22,268.728382
6,23,202.882438
6,24,162.981183
6,25,139.780955
6,26,135.431516
6,27,171.705804
6,28,202.619894
6,29,259.135038
6,30,370.460565
6,31,315.162964
6,32,268.793357
6,33,234.672300
6,34,190.702040
6,35,184.513900
6,36,181.686767
6,37,203.342240
6,38,223.297764
6,39,268.785188
6,40,404.922783
6,41,346.579053
6,42,311.133201
6,43,287.477793
6,44,254.711925
6,45,227.894872
6,46,263.779939
6,47,264.825478
6,48,282.851743
6,49,315.374520
6,50,458.070170
6,51,394.514789
6,52,385.890354
6,53,346.040161
6,54,328.703006
6,55,319.007915
6,56,298.686012
6,57,324.063769
6,58,359.168363
6,59,396.385071
6,60,493.529602
6,61,433.185927
6,62,402.661807
6,63,383.711493
6,64,369.587666
6,65,381.632764
6,66,380.599062
6,67,367.938136
6,68,416.390213
6,69,436.620095
6,70,531.113478
6,71,497.019638
6,72,461.047081
6,73,461.361164
6,74,426.483133
6,75,419.262345
6,76,424.217347
6,77,432.233295
6,78,475.322461
6,79,502.146294
6,80,564.715414
6,81,538.308387
6,82,534.812988
6,83,509.899161
6,84,482.430003
6,85,487.382682
6,86,469.937097
6,87,504.844537
6,88,493.721088
6,89,543.268009
6,90,614.537507
6,91,567.203658
6,92,567.986589
6,93,573.930905
6,94,551.213844
6,95,560.115035
6,96,538.731316
6,97,547.558345
6,98,578.806402
6,99,597.601494
7,8,49.836340
7,9,93.747994
7,10,426.335737
7,11,392.740761
7,12,331.802455
7,13,278.308664
7,14,200.641694
7,15,131.230174
7,16,87.125364
7,17,62.539804
7,18,82.148055
7,19,131.122033
7,20,426.260160
7,21,390.032183
7,22,346.188090
7,23,278.225996
7,24,232.653550
7,25,175.800578
7,26,152.100063
7,27,129.812850
7,28,142.986221
7,29,179.884242
7,30,448.779447
7,31,390.190967
7,32,335.699801
7,33,294.764726
7,34,239.207865
7,35,220.116711
7,36,189.110911
7,37,166.909677
7,38,175.732140
7,39,201.471262
7,40,474.044919
7,41,412.933129
7,42,372.861957
7,43,333.905988
7,44,294.819622
7,45,245.159839
7,46,256.483656
7,47,237.014958
7,48,243.310788
7,49,252.951520
7,50,522.480891
7,51,456.046234
7,52,437.876965
7,53,388.096999
7,54,353.388247
7,55,328.555830
7,56,296.174090
7,57,297.238369
7,58,323.043552
7,59,342.797149
7,60,552.482035
7,61,487.659126
7,62,443.206621
7,63,413.809015
7,64,387.742198
7,65,385.247976
7,66,375.541157
7,67,344.257977
7,68,381.056074
7,69,390.216683
7,70,580.953756
7,71,540.545975
7,72,500.411135
7,73,488.269847
7,74,445.731383
7,75,425.482378
7,76,415.723786
7,77,409.266088
7,78,442.638238
7,79,458.437183
7,80,613.931536
7,81,581.501825
7,82,567.466180
7,83,531.233952
7,84,495.452383
7,85,488.254095
7,86,458.024088
7,87,484.066673
7,88,463.809085
7,89,499.899253
7,90,655.986822
7,91,601.625071
7,92,596.965253
7,93,592.121299
7,94,561.899345
7,95,558.032288
7,96,524.928050
7,97,525.957619
7,98,547.584622
7,99,559.260555
8,9,48.342873
8,10,471.614457
8,11,436.999302
8,12,375.451355
8,13,321.617753
8,14,242.614161
8,15,168.681766
8,16,121.838198
8,17,72.545070
8,18,48.505739
8,19,84.878527
8,20,468.114371
8,21,430.829111
8,22,384.505659
8,23,316.379262
8,24,269.189519
8,25,200.864163
8,26,170.957861
8,27,117.937611
8,28,115.445488
8,29,135.037720
8,30,486.735726
8,31,426.713281
8,32,368.587857
8,33,325.077258
8,34,265.871839
8,35,241.726813
8,36,199.142714
8,37,153.452212
8,38,153.755495
8,39,164.027794
8,40,506.498620
8,41,444.452959
8,42,402.457822
8,43,356.400269
8,44,315.252805
8,45,256.202252
8,46,253.630644
8,47,223.303243
8,48,222.060815
8,49,216.950943
8,50,551.882960
8,51,484.456659
8,52,461.349787
8,53,407.131991
8,54,364.096237
8,55,331.928894
8,56,294.141898
8,57,281.332846
8,58,300.879198
8,59,310.028184
8,60,578.575349
8,61,511.870228
8,62,460.481246
8,63,426.016579
8,64,394.116665
8,65,383.811900
8,66,369.578648
8,67,328.676468
8,68,357.977735
8,69,360.718301
8,70,601.730660
8,71,558.212408
8,72,516.260614
8,73,497.539697
8,74,451.531700
8,75,424.595973
8,76,406.962810
8,77,392.592006
8,78,419.984571
8,79,429.493573
8,80,634.102300
8,81,598.595640
8,82,578.909479
8,83,536.915073
8,84,497.091050
8,85,483.378674
8,86,446.612036
8,87,467.386346
8,88,442.382705
8,89,470.691114
8,90,671.521720
8,91,613.711635
8,92,606.109632
8,93,595.416776
8,94,561.423454
8,95,550.644339
8,96,511.536927
8,97,508.298100
8,98,524.468944
8,99,532.209377
9,10,519.126659
9,11,484.836660
9,12,423.417754
9,13,369.630416
9,14,290.787061
9,15,217.021238
9,16,170.157129
9,17,118.477165
9,18,74.875838
9,19,75.466785
9,20,516.380985
9,21,479.157850
9,22,432.799188
9,23,364.682833
9,24,317.403402
9,25,247.101472
9,26,215.678764
9,27,149.480003
9,28,133.264479
9,29,122.449575
9,30,534.977298
9,31,474.819566
9,32,416.121374
9,33,372.095586
9,34,312.109979
9,35,286.483041
9,36,239.654152
9,37,181.056659
9,38,173.765972
9,39,163.851430
9,40,553.772813
9,41,491.559337
9,42,449.105835
9,43,400.744479
9,44,358.988833
9,45,296.184390
9,46,285.285008
9,47,247.405476
9,48,239.187847
9,49,216.186842
9,50,598.243073
9,51,530.590522
9,52,505.714820
9,53,449.762198
9,54,402.735549
9,55,366.467997
9,56,325.577817
9,57,301.828048
9,58,314.769406
9,59,311.127083
9,60,623.737845
9,61,556.411919
9,62,502.042597
9,63,465.072828
9,64,429.946540
9,65,414.474896
9,66,396.993421
9,67,348.505096
9,68,369.821865
9,69,365.112255
9,70,644.582439
9,71,599.647073
9,72,556.885681
9,73,534.506817
9,74,486.582523
9,75,455.270488
9,76,431.686202
9,77,410.430616
9,78,431.434131
9,79,433.646480
9,80,676.602298
9,81,639.629993
9,82,616.853111
9,83,571.418022
9,84,529.048318
9,85,510.565400
9,86,468.669442
9,87,484.405809
9,88,454.882625
9,89,474.094099
9,90,711.551774
9,91,651.925167
9,92,642.561574
9,93,628.042765
9,94,591.495287
9,95,575.349706
9,96,531.274682
9,97,524.015268
9,98,534.427484
9,99,537.677338
10,11,39.599093
10,12,99.662532
10,13,152.416186
10,14,231.634692
10,15,308.558954
10,16,354.153040
10,17,413.929829
10,18,474.014477
10,19,529.274386
10,20,63.889567
10,21,86.478846
10,22,135.009873
10,23,180.339665
10,24,224.640960
10,25,314.271606
10,26,349.042398
10,27,442.909772
10,28,486.221561
10,29,562.446395
10,30,126.440963
10,31,141.101979
10,32,191.526841
10,33,226.924995
10,34,273.944759
10,35,308.405356
10,36,368.841084
10,37,452.519923
10,38,482.320055
10,39,549.420945
10,40,204.514517
10,41,198.764128
10,42,216.669376
10,43,279.186752
10,44,296.823867
10,45,356.786426
10,46,427.661901
10,47,472.372975
10,48,507.607698
10,49,578.211505
10,50,262.273150
10,51,242.833592
10,52,286.427696
10,53,312.676704
10,54,368.472000
10,55,410.626901
10,56,433.263825
10,57,507.556416
10,58,554.219113
10,59,625.231378
10,60,314.606693
10,61,298.774732
10,62,344.671859
10,63,375.596448
10,64,409.829255
10,65,462.691116
10,66,487.634695
10,67,529.680189
10,68,595.594630
10,69,640.506560
10,70,385.178839
10,71,389.415602
10,72,383.564713
10,73,433.423449
10,74,439.188294
10,75,478.297630
10,76,526.942625
10,77,574.328550
10,78,635.057157
10,79,688.010888
10,80,413.198035
10,81,420.174765
10,82,461.831378
10,83,487.746979
10,84,498.267685
10,85,542.942866
10,86,570.353606
10,87,624.061666
10,88,642.019019
10,89,722.166689
10,90,486.429773
10,91,478.834108
10,92,501.367603
10,93,547.409462
10,94,557.247921
10,95,608.326929
10,96,629.528223
10,97,661.002886
10,98,716.563308
10,99,754.339253
11,12,62.071069
11,13,115.827984
11,14,195.385800
11,15,272.066406
11,16,318.177611
11,17,377.551021
11,18,437.548320
11,19,492.435429
11,20,52.493231
11,21,55.417393
11,22,97.389692
11,23,140.830674
11,24,185.623659
11,25,275.254918
11,26,310.259207
11,27,404.508303
11,28,447.925105
11,29,524.647796
11,30,112.978699
11,31,111.123388
11,32,154.656132
11,33,188.100261
11,34,234.349888
11,35,268.811001
11,36,329.364925
11,37,413.442470
11,38,443.294904
11,39,510.686417
11,40,187.770318
11,41,171.422071
11,42,183.624895
11,43,242.623671
11,44,258.426231
11,45,317.327976
11,46,388.193051
11,47,432.775526
11,48,468.034420
11,49,538.930891
11,50,248.300172
11,51,219.704582
11,52,258.522067
11,53,279.303967
11,54,331.989157
11,55,372.649691
11,56,394.296526
11,57,468.138855
11,58,514.782713
11,59,585.636912
11,60,299.837176
11,61,276.152713
11,62,314.753362
11,63,342.348201
11,64,374.214373
11,65,425.860566
11,66,450.007466
11,67,490.717923
11,68,556.526294
11,69,601.126928
11,70,367.464916
11,71,366.566114
11,72,356.976544
11,73,403.269441
11,74,405.930709
11,75,442.797660
11,76,489.878250
11,77,536.144356
11,78,596.629376
11,79,649.068206
11,80,397.079544
11,81,399.531776
11,82,436.757273
11,83,458.202606
11,84,465.852163
11,85,508.498569
11,86,533.786651
11,87,587.055622
11,88,603.989052
11,89,683.491160
11,90,468.591077
11,91,455.850557
11,92,476.397593
11,93,519.249994
11,94,526.455594
11,95,575.073629
11,96,593.927791
11,97,624.493185
11,98,679.279658
11,99,716.469903
12,13,53.892481
12,14,133.406875
12,15,210.008021
12,16,256.195707
12,17,315.491940
12,18,375.480442
12,19,430.376247
12,20,97.670302
12,21,70.158875
12,22,69.122136
12,23,84.603188
12,24,125.767661
12,25,215.189986
12,26,249.617192
12,27,343.260763
12,28,386.559701
12,29,462.891299
12,30,140.390141
12,31,107.660326
12,32,121.477853
12,33,142.526301
12,34,179.604585
12,35,212.767182
12,36,271.266670
12,37,353.429066
12,38,383.127514
12,39,449.899728
12,40,201.579579
12,41,165.817730
12,42,161.888404
12,43,206.040065
12,44,213.444318
12,45,264.454725
12,46,334.822290
12,47,376.348768
12,48,410.796617
12,49,479.524014
12,50,263.131259
12,51,219.564303
12,52,246.109939
12,53,252.061332
12,54,293.708810
12,55,328.092347
12,56,344.690642
12,57,415.009491
12,58,461.352639
12,59,529.682277
12,60,311.413706
12,61,274.338776
12,62,295.676862
12,63,313.955860
12,64,338.247537
12,65,385.257868
12,66,406.270672
12,67,440.689511
12,68,505.675475
12,69,548.030619
12,70,372.193501
12,71,361.700090
12,72,344.561530
12,73,381.827178
12,74,376.495350
12,75,406.432941
12,76,447.981665
12,77,489.699597
12,78,548.917314
12,79,598.718708
12,80,403.995952
12,81,398.262603
12,82,426.119796
12,83,437.451967
12,84,437.955296
12,85,474.716415
12,86,493.346485
12,87,544.872281
12,88,557.940615
12,89,634.425716
12,90,471.354887
12,91,449.163274
12,92,465.434919
12,93,500.989552
12,94,502.037892
12,95,544.091401
12,96,556.235773
12,97,583.820116
12,98,635.805898
12,99,670.748399
13,14,79.557817
13,15,156.313541
13,16,202.350469
13,17,261.784346
13,18,321.820496
13,19,376.911160
13,20,148.744597
13,21,115.364908
13,22,87.532167
13,23,54.006930
13,24,79.787697
13,25,166.504513
13,26,199.554303
13,27,291.745272
13,28,334.757671
13,29,410.264201
13,30,181.919921
13,31,135.139477
13,32,119.415173
13,33,121.147471
13,34,141.118122
13,35,171.030626
13,36,225.302406
13,37,303.962711
13,38,333.328561
13,39,398.994548
13,40,231.234760
13,41,183.897828
13,42,166.170496
13,43,190.722459
13,44,187.434321
13,45,226.205307
13,46,294.809295
13,47,331.920994
13,48,365.085995
13,49,430.615568
13,50,290.858071
13,51,238.029024
13,52,252.885774
13,53,244.403863
13,54,272.685498
13,55,299.051526
13,56,309.315814
13,57,374.560908
13,58,420.233932
13,59,485.161923
13,60,335.326897
13,61,288.937995
13,62,294.296595
13,63,302.870511
13,64,318.620510
13,65,359.706790
13,66,376.945291
13,67,403.787008
13,68,467.372875
13,69,506.896953
13,70,389.382089
13,71,371.177083
13,72,347.853434
13,73,375.912405
13,74,362.853484
13,75,385.117580
13,76,420.200136
13,77,456.520143
13,78,513.935219
13,79,560.543596
13,80,422.345045
13,81,410.025226
13,82,429.305970
13,83,431.196746
13,84,424.797092
13,85,455.171479
13,86,466.677066
13,87,515.929177
13,88,524.741529
13,89,597.541918
13,90,485.327217
13,91,455.449872
13,92,467.725327
13,93,496.188303
13,94,491.424505
13,95,526.646856
13,96,531.911309
13,97,556.206459
13,98,604.953828
13,99,637.351706
14,15,76.937713
14,16,122.794208
14,17,182.313354
14,18,242.386445
14,19,297.697957
14,20,225.771714
14,21,189.432891
14,22,148.166256
14,23,82.711194
14,24,51.145318
14,25,101.337395
14,26,128.839549
14,27,216.175775
14,28,258.394520
14,29,332.277115
14,30,250.204111
14,31,194.596717
14,32,152.212504
14,33,126.483195
14,34,106.832928
14,35,123.506335
14,36,163.273350
14,37,232.355463
14,38,260.750770
14,39,323.962175
14,40,285.517538
14,41,228.921869
14,42,197.385686
14,43,190.967176
14,44,170.096220
14,45,180.808978
14,46,242.167563
14,47,269.704255
14,48,299.864024
14,49,358.942562
14,50,340.440393
14,51,279.213707
14,52,278.410153
14,53,250.439767
14,54,255.475371
14,55,266.489911
14,56,264.853629
14,57,318.860673
14,58,362.512505
14,59,420.742516
14,60,378.770852
14,61,322.471848
14,62,305.929596
14,63,299.624923
14,64,301.003353
14,65,330.505352
14,66,340.775741
14,67,353.798920
14,68,413.856940
14,69,448.073341
14,70,422.553132
14,71,394.522611
14,72,363.489666
14,73,377.104660
14,74,352.781958
14,75,362.014208
14,76,385.424062
14,77,411.898339
14,78,465.390987
14,79,506.160530
14,80,456.217326
14,81,435.309380
14,82,442.051254
14,83,430.082686
14,84,413.370843
14,85,432.922296
14,86,432.677316
14,87,477.321494
14,88,479.012522
14,89,544.948131
14,90,511.904121
14,91,471.933955
14,92,478.205841
14,93,495.636307
14,94,482.227894
14,95,506.209582
14,96,500.509862
14,97,519.157177
14,98,562.089234
14,99,590.070665
15,16,46.967046
15,17,105.484635
15,18,165.507101
15,19,220.763840
15,20,300.123791
15,21,262.357617
15,22,216.002505
15,23,147.858279
15,24,101.483580
15,25,66.278095
15,26,71.948298
15,27,143.648549
15,28,184.277107
15,29,256.119268
15,30,318.436037
15,31,259.182316
15,32,204.944317
15,33,165.975157
15,34,116.926604
15,35,110.029571
15,36,117.065103
15,37,165.291794
15,38,191.605520
15,39,250.954606
15,40,343.171385
15,41,282.547618
15,42,243.882149
15,43,214.017989
15,44,180.157169
15,45,156.489896
15,46,201.238180
15,47,214.400977
15,48,239.546709
15,49,289.573818
15,50,392.952279
15,51,327.470047
15,52,314.468188
15,53,272.025419
15,54,254.464401
15,55,248.026195
15,56,232.575684
15,57,269.927509
15,58,309.783154
15,59,359.079627
15,60,425.364966
15,61,362.851767
15,62,328.579073
15,63,309.002228
15,64,296.085264
15,65,311.638317
15,66,313.757280
15,67,310.465976
15,68,364.804179
15,69,392.378559
15,70,459.395969
15,71,423.640254
15,72,386.919189
15,73,386.697794
15,74,352.563315
15,75,348.113048
15,76,358.123067
15,77,372.915905
15,78,420.842402
15,79,454.551517
15,80,492.873086
15,81,464.936571
15,82,460.177715
15,83,435.550569
15,84,409.327646
15,85,417.277038
15,86,404.704840
15,87,443.306208
15,88,437.280428
15,89,494.776708
15,90,540.948432
15,91,492.696076
15,92,493.265458
15,93,499.813565
15,94,478.323112
15,95,490.474896
15,96,473.610296
15,97,485.955266
15,98,522.048293
15,99,545.007552
16,17,60.284857
16,18,120.241003
16,19,176.227720
16,20,347.036904
16,21,309.324550
16,22,262.677757
16,23,194.544751
16,24,147.548938
16,25,91.224097
16,26,75.824839
16,27,111.770943
16,28,147.881613
16,29,214.528864
16,30,364.974049
16,31,305.260029
16,32,248.995938
16,33,207.642241
16,34,152.803607
16,35,136.825663
16,36,120.580119
16,37,140.679651
16,38,162.877046
16,39,215.201971
16,40,387.336277
16,41,325.989066
16,42,285.736733
16,43,248.652371
16,44,211.063999
16,45,171.303546
16,46,200.641165
16,47,200.455861
16,48,219.549160
16,49,258.228053
16,50,435.362464
16,51,368.940611
16,52,351.824151
16,53,304.396844
16,54,276.746151
16,55,260.664701
16,56,236.766232
16,57,259.599959
16,58,295.055669
16,59,335.147258
16,60,465.598908
16,61,401.275224
16,62,360.273831
16,63,334.951743
16,64,314.949631
16,65,321.872932
16,66,318.646269
16,67,303.561412
16,68,352.105411
16,69,373.561310
16,70,495.672064
16,71,456.949277
16,72,418.117568
16,73,411.313831
16,74,372.657731
16,75,360.501416
16,76,361.758309
16,77,367.975137
16,78,410.881815
16,79,438.494154
16,80,528.859410
16,81,498.112882
16,82,488.100093
16,83,457.365213
16,84,426.327883
16,85,427.328351
16,86,407.015209
16,87,440.852952
16,88,429.259887
16,89,479.498396
16,90,573.343138
16,91,521.588300
16,92,519.375064
16,93,520.223363
16,94,494.490864
16,95,499.496944
16,96,475.660919
16,97,483.544719
16,98,514.344158
16,99,533.321663
17,18,60.098389
17,19,115.943378
17,20,404.675417
17,21,366.281265
17,22,317.657090
17,23,249.963871
17,24,201.904228
17,25,128.672163
17,26,98.476024
17,27,70.928061
17,28,95.763354
17,29,155.383540
17,30,419.058954
17,31,358.154864
17,32,298.089167
17,33,253.680202
17,34,193.702284
17,35,169.193965
17,36,129.616871
17,37,107.154671
17,38,120.826794
17,39,161.621113
17,40,435.443849
17,41,373.154043
17,42,330.631003
17,43,283.889223
17,44,242.896072
17,45,186.526056
17,46,193.976107
17,47,176.141617
17,48,185.882481
17,49,208.813963
17,50,479.832521
17,51,412.260072
17,52,388.822571
17,53,335.119033
17,54,294.938921
17,55,267.190743
17,56,233.765419
17,57,236.648872
17,58,265.128288
17,59,292.948393
17,60,506.065385
17,61,439.328361
17,62,388.951786
17,63,356.275646
17,64,327.464337
17,65,323.003858
17,66,313.001809
17,67,283.313315
17,68,323.218318
17,69,336.785527
17,70,529.527251
17,71,486.661054
17,72,445.220657
17,73,429.351237
17,74,385.338745
17,75,363.355570
17,76,353.289054
17,77,348.445857
17,78,384.246764
17,79,404.065032
17,80,562.018113
17,81,527.233250
17,82,509.705441
17,83,470.899256
17,84,433.886752
17,85,425.755024
17,86,395.858565
17,87,423.066310
17,88,404.719795
17,89,445.513604
17,90,600.703810
17,91,544.238234
17,92,538.098344
17,93,531.070140
17,94,499.941313
17,95,495.496355
17,96,463.038109
17,97,465.192241
17,98,489.080288
17,99,503.061980
18,19,56.371759
18,20,463.950968
18,21,425.260149
18,22,375.716193
18,23,308.468897
18,24,260.188456
18,25,181.415519
18,26,147.366347
18,27,74.732176
18,28,66.942368
18,29,100.329177
18,30,476.357256
18,31,414.920793
18,32,352.937273
18,33,307.191778
18,34,245.483145
18,35,217.138493
18,36,166.319964
18,37,107.803990
18,38,105.541932
18,39,119.585803
18,40,488.863412
18,41,426.275184
18,42,382.594604
18,43,330.052039
18,44,287.720904
18,45,222.273409
18,46,210.941287
18,47,176.473861
18,48,173.687639
18,49,171.669607
18,50,530.504982
18,51,462.507891
18,52,434.729885
18,53,377.110831
18,54,328.158967
18,55,291.664463
18,56,251.360945
18,57,233.617842
18,58,252.383442
18,59,263.331245
18,60,553.648772
18,61,485.550488
18,62,428.546840
18,63,390.554167
18,64,355.074372
18,65,340.614439
18,66,324.503834
18,67,280.894797
18,68,309.477617
18,69,313.040905
18,70,571.834732
18,71,525.979905
18,72,482.849950
18,73,459.644855
18,74,411.765327
18,75,381.443030
18,76,360.746493
18,77,344.515167
18,78,371.483578
18,79,381.744675
18,80,603.555489
18,81,565.727102
18,82,542.062815
18,83,496.684511
18,84,454.855998
18,85,438.310950
18,86,399.530534
18,87,419.238426
18,88,393.881156
18,89,423.033292
18,90,637.205314
18,91,577.164805
18,92,567.686149
18,93,553.706672
18,94,517.981102
18,95,504.545988
18,96,463.907069
18,97,460.008346
18,98,475.994310
18,99,484.142610
19,20,517.352310
19,21,478.258563
19,22,427.600112
19,23,361.101431
19,24,312.756778
19,25,230.052372
19,26,194.454760
19,27,105.768970
19,28,72.465416
19,29,50.403813
19,30,527.067675
19,31,465.170102
19,32,401.410745
19,33,354.692598
19,34,292.158312
19,35,261.263943
19,36,204.262526
19,37,126.700958
19,38,110.476590
19,39,88.450379
19,40,535.220817
19,41,472.600746
19,42,428.030041
19,43,370.633035
19,44,327.793184
19,45,256.713904
19,46,230.715815
19,47,184.523293
19,48,170.088159
19,49,140.737987
19,50,573.854732
19,51,505.762176
19,52,473.984924
19,53,413.336762
19,54,357.413359
19,55,314.255514
19,56,269.515361
19,57,234.093302
19,58,242.421942
19,59,235.668925
19,60,593.784964
19,61,524.733959
19,62,461.981780
19,63,419.634561
19,64,378.810084
19,65,355.732858
19,66,334.537786
19,67,279.588614
19,68,296.196968
19,69,289.735381
19,70,606.699361
19,71,558.279507
19,72,513.916754
19,73,484.159560
19,74,433.406625
19,75,396.054107
19,76,366.081238
19,77,339.614046
19,78,357.445771
19,79,358.215502
19,80,637.496409
19,81,596.960388
19,82,567.664026
19,83,516.598330
19,84,470.848741
19,85,446.789769
19,86,400.467486
19,87,412.736316
19,88,381.206897
19,89,398.629984
19,90,666.088845
19,91,603.024876
19,92,590.469363
19,93,570.095523
19,94,530.454518
19,95,508.801623
19,96,461.074339
19,97,451.533441
19,98,459.798448
19,99,462.297205
20,21,40.205898
20,22,95.116327
20,23,156.755083
20,24,204.888885
20,25,292.301360
20,26,328.376758
20,27,423.789200
20,28,467.408592
20,29,545.920298
20,30,63.328243
20,31,83.887894
20,32,144.786556
20,33,187.077248
20,34,242.318245
20,35,277.709541
20,36,340.759143
20,37,428.382716
20,38,458.421808
20,39,527.387741
20,40,140.941896
20,41,137.288758
20,42,160.840717
20,43,229.131452
20,44,252.917345
20,45,320.019583
20,46,390.320411
20,47,439.458770
20,48,475.932138
20,49,551.243209
20,50,199.694206
20,51,179.239818
20,52,224.571460
20,53,255.943114
20,54,317.129152
20,55,363.570097
20,56,391.002715
20,57,468.899814
20,58,515.573627
20,59,590.196129
20,60,251.838391
20,61,235.006127
20,62,283.949923
20,63,318.232761
20,64,356.209122
20,65,411.614609
20,66,438.819255
20,67,486.784527
20,68,553.154277
20,69,600.766128
20,70,321.661567
20,71,325.615031
20,72,320.728662
20,73,372.581486
20,74,381.533177
20,75,424.096431
20,76,476.210837
20,77,527.206730
20,78,588.791277
20,79,644.389959
20,80,350.106604
20,81,356.300074
20,82,398.392589
20,83,426.333392
20,84,439.393550
20,85,486.654139
20,86,518.154279
20,87,572.840776
20,88,594.054256
20,89,676.886569
20,90,422.944952
20,91,415.017011
20,92,437.876202
20,93,485.074556
20,94,496.667550
20,95,550.203446
20,96,575.048711
20,97,608.416480
20,98,665.906029
20,99,705.502551
21,22,55.127514
21,23,117.233581
21,24,165.533424
21,25,252.345948
21,26,288.474569
21,27,383.908522
21,28,427.517211
21,29,506.190836
21,30,70.378590
21,31,55.820528
21,32,107.480290
21,33,147.811890
21,34,202.179394
21,35,237.559893
21,36,300.561134
21,37,388.203352
21,38,418.241861
21,39,487.255177
21,40,137.317390
21,41,116.024443
21,42,130.221099
21,43,194.011099
21,44,215.059878
21,45,280.554277
21,46,351.055809
21,47,399.604349
21,48,435.979704
21,49,511.056810
21,50,198.890859
21,51,165.130596
21,52,203.127539
21,53,226.228930
21,54,282.983493
21,55,327.204590
21,56,352.915528
21,57,429.981775
21,58,476.692496
21,59,550.701912
21,60,249.269888
21,61,221.546171
21,62,259.761657
21,63,289.183941
21,64,323.698234
21,65,377.411579
21,66,403.383926
21,67,449.002911
21,68,515.286624
21,69,562.194371
21,70,314.713399
21,71,311.715794
21,72,301.561149
21,73,348.400160
21,74,352.788328
21,75,392.078784
21,76,441.854417
21,77,491.047313
21,78,552.309797
21,79,606.957444
21,80,345.108824
21,81,345.356237
21,82,381.427309
21,83,403.167907
21,84,412.107603
21,85,456.472551
21,86,484.736894
21,87,538.833568
21,88,558.322517
21,89,640.063868
21,90,415.505628
21,91,400.881219
21,92,421.068696
21,93,463.948168
21,94,471.868111
21,95,521.952466
21,96,543.303653
21,97,575.295849
21,98,631.607335
21,99,670.245780
22,23,68.145657
22,24,115.758058
22,25,199.520198
22,26,235.766372
22,27,331.112453
22,28,374.635221
22,29,453.759510
22,30,102.593519
22,31,48.007783
22,32,57.495703
22,33,93.191157
22,34,147.256061
22,35,182.658856
22,36,245.883699
22,37,334.054073
22,38,364.075183
22,39,433.359194
22,40,143.739788
22,41,98.920885
22,42,93.183713
22,43,145.425736
22,44,161.991295
22,45,225.588973
22,46,296.205464
22,47,344.476979
22,48,380.863920
22,49,456.265205
22,50,203.419096
22,51,153.288437
22,52,177.008411
22,53,185.799739
22,54,234.746230
22,55,275.619812
22,56,299.181952
22,57,375.375977
22,58,422.100888
22,59,495.679070
22,60,248.752254
22,61,206.763893
22,62,227.141738
22,63,248.489505
22,64,277.471678
22,65,328.489284
22,66,352.746143
22,67,395.489298
22,68,461.630115
22,69,507.840408
22,70,305.899356
22,71,293.062415
22,72,275.447981
22,73,314.031520
22,74,311.723846
22,75,346.064638
22,76,392.488826
22,77,439.325997
22,78,500.133734
22,79,553.694135
22,80,338.293294
22,81,330.169825
22,82,356.997714
22,83,369.582060
22,84,372.579317
22,85,412.626417
22,86,436.458226
22,87,489.665930
22,88,507.012005
22,89,587.431300
22,90,404.011011
22,91,380.189309
22,92,396.319180
22,93,432.653453
22,94,435.369581
22,95,480.415929
22,96,497.028937
22,97,527.169895
22,98,581.918614
22,99,619.365444
23,24,48.348515
23,25,136.070731
23,26,171.915211
23,27,267.217391
23,28,310.840486
23,29,389.178910
23,30,170.629511
23,31,112.595975
23,32,73.473411
23,33,67.161699
23,34,95.004874
23,35,128.507883
23,36,188.540367
23,37,273.547120
23,38,303.524993
23,39,371.777546
23,40,202.877323
23,41,147.472014
23,42,120.684786
23,43,136.936834
23,44,134.275137
23,45,179.934894
23,46,250.222725
23,47,292.410704
23,48,327.354999
23,49,398.389611
23,50,258.584215
23,51,199.366701
23,52,206.022539
23,53,191.741271
23,54,218.891982
23,55,247.304104
23,56,260.943485
23,57,330.409283
23,58,376.751416
23,59,445.592430
23,60,298.710844
23,61,246.154456
23,62,243.179986
23,63,249.266936
23,64,264.744316
23,65,306.931687
23,66,325.468060
23,67,356.615201
23,68,421.332782
23,69,463.427436
23,70,346.943340
23,71,324.246034
23,72,298.150121
23,73,323.071036
23,74,308.916599
23,75,331.500629
23,76,368.204550
23,77,406.991503
23,78,465.527331
23,79,514.437888
23,80,380.388447
23,81,364.037090
23,82,379.102750
23,83,378.155621
23,84,370.855897
23,85,401.384887
23,86,414.366873
23,87,464.465167
23,88,475.283241
23,89,550.468996
23,90,440.127988
23,91,406.431366
23,92,417.036173
23,93,443.345487
23,94,437.646652
23,95,472.714897
23,96,479.006450
23,97,504.285967
23,98,554.366194
23,99,588.073933
24,25,89.639492
24,26,124.802340
24,27,219.705648
24,28,263.294272
24,29,341.250494
24,30,217.585798
24,31,157.752726
24,32,105.837901
24,33,75.532969
24,34,64.744548
24,35,91.649528
24,36,146.089674
24,37,227.879044
24,38,257.690907
24,39,325.179326
24,40,242.948779
24,41,183.695330
24,42,148.818114
24,43,140.239689
24,44,122.555631
24,45,147.924060
24,46,215.443340
24,47,252.317719
24,48,285.906814
24,49,353.774828
24,50,295.110876
24,51,231.807054
24,52,227.904815
24,53,199.534715
24,54,209.087489
24,55,226.524462
24,56,231.950982
24,57,294.972717
24,58,340.516909
24,59,405.651428
24,60,331.110367
24,61,272.892463
24,62,254.847826
24,63,250.107063
24,64,255.117695
24,65,289.361050
24,66,303.191424
24,67,325.245497
24,68,388.215165
24,69,427.153721
24,70,372.509145
24,71,343.535262
24,72,312.351937
24,73,327.157320
24,74,305.005069
24,75,318.455804
24,76,347.288806
24,77,379.674037
24,78,435.991323
24,79,481.333353
24,80,406.193750
24,81,384.393258
24,82,391.055775
24,83,380.652133
24,84,366.193649
24,85,389.331315
24,86,394.307948
24,87,441.568529
24,88,447.675110
24,89,518.705333
24,90,461.001136
24,91,420.815308
24,92,427.390163
24,93,446.247958
24,94,434.669207
24,95,462.166593
24,96,461.045878
24,97,482.629964
24,98,529.038544
24,99,559.954733
25,26,36.250924
25,27,131.629900
25,28,175.206294
25,29,254.243966
25,30,297.284302
25,31,235.230185
25,32,171.676274
25,33,125.809761
25,34,65.033316
25,35,45.837674
25,36,61.944496
25,37,138.262994
25,38,168.051875
25,39,235.769308
25,40,307.608180
25,41,245.099445
25,42,202.067178
25,43,158.111098
25,44,119.844380
25,45,90.775021
25,46,142.923300
25,47,168.563478
25,48,199.762514
25,49,264.438926
25,50,351.160691
25,51,283.615184
25,52,262.232243
25,53,213.198697
25,54,188.990899
25,55,182.183003
25,56,170.159979
25,57,217.901910
25,58,261.210426
25,59,320.507552
25,60,378.092978
25,61,312.272171
25,62,269.053652
25,63,245.186942
25,64,229.967547
25,65,246.111239
25,66,250.085484
25,67,254.422579
25,68,313.094304
25,69,346.746619
25,70,405.189147
25,71,365.767693
25,72,326.941380
25,73,322.346917
25,74,286.711304
25,75,282.084118
25,76,294.738618
25,77,314.515543
25,78,365.943083
25,79,405.088247
25,80,438.230310
25,81,406.911888
25,82,397.709723
25,83,370.213449
25,84,343.103590
25,85,351.559816
25,86,341.700788
25,87,382.710182
25,88,380.637216
25,89,444.144952
25,90,482.121520
25,91,430.909332
25,92,429.751315
25,93,434.152373
25,94,412.069561
25,95,424.882554
25,96,410.456289
25,97,425.120055
25,98,464.609092
25,99,490.667521
26,27,95.437571
26,28,139.042700
26,29,217.994560
26,30,333.339133
26,31,271.213296
26,32,206.956718
26,33,160.400843
26,34,98.215903
26,35,70.846749
26,36,46.420133
26,37,104.478227
26,38,133.778996
26,39,200.427984
26,40,341.689894
26,41,279.064024
26,42,235.230435
26,43,185.445517
26,44,144.480860
26,45,95.673486
26,46,130.018524
26,47,143.897729
26,48,171.740009
26,49,231.258363
26,50,383.361316
26,51,315.460013
26,52,290.409317
26,53,237.073371
26,54,202.418801
26,55,184.926945
26,56,163.420621
26,57,198.176550
26,58,238.854767
26,59,292.471952
26,60,408.065336
26,61,340.980131
26,62,291.542395
26,63,262.019628
26,64,239.459605
26,65,246.638879
26,66,245.269579
26,67,238.538712
26,68,293.237135
26,69,322.618299
26,70,431.193425
26,71,389.109917
26,72,348.456279
26,73,337.342279
26,74,297.299620
26,75,284.914503
26,76,289.100185
26,77,301.223371
26,78,348.920226
26,79,383.611919
26,80,463.792616
26,81,429.903110
26,82,415.638159
26,83,382.286683
26,84,350.524332
26,85,352.293365
26,86,335.160210
26,87,372.182904
26,88,365.348091
26,89,423.566033
26,90,504.051358
26,91,449.652207
26,92,445.817416
26,93,444.756360
26,94,418.666884
26,95,424.828325
26,96,404.050708
26,97,414.884520
26,98,450.150279
26,99,473.160263
27,28,43.624056
27,29,122.831519
27,30,427.767300
27,31,365.508197
27,32,299.882660
27,33,252.495971
27,34,189.810487
27,35,157.269383
27,36,98.530366
27,37,37.138685
27,38,51.592556
27,39,107.799654
27,40,431.317437
27,41,368.833521
27,42,323.832302
27,43,264.932531
27,44,222.075587
27,45,151.520761
27,46,136.390936
27,47,107.577875
27,48,114.954456
27,49,146.859451
27,50,468.518477
27,51,400.460200
27,52,368.228594
27,53,307.979591
27,54,255.017373
27,55,216.988564
27,56,176.877802
27,57,167.511066
27,58,194.280715
27,59,224.692205
27,60,488.016104
27,61,418.990517
27,62,357.601808
27,63,317.470323
27,64,280.586282
27,65,266.353357
27,66,251.658500
27,67,214.657171
27,68,252.380349
27,69,266.534328
27,70,501.908213
27,71,454.508654
27,72,410.725222
27,73,385.389966
27,74,337.105134
27,75,307.178906
27,76,289.525976
27,77,279.560246
27,78,313.567657
27,79,333.438486
27,80,533.068338
27,81,493.759243
27,82,468.104072
27,83,421.964442
27,84,380.302080
27,85,365.445786
27,86,330.195277
27,87,354.413784
27,88,334.329179
27,89,374.854928
27,90,564.303810
27,91,503.293260
27,92,493.223728
27,93,479.062922
27,94,443.892563
27,95,433.025166
27,96,396.245570
27,97,396.202139
27,98,418.465317
27,99,432.138636
28,29,79.835881
28,30,470.860283
28,31,408.577869
28,32,342.538132
28,33,294.999994
28,34,232.432214
28,35,199.165238
28,36,138.133003
28,37,54.514239
28,38,40.507408
28,39,67.327545
28,40,472.587109
28,41,410.284138
28,42,365.022058
28,43,303.691520
28,44,260.872916
28,45,187.194648
28,46,158.293742
28,47,114.589939
28,48,107.259023
28,49,113.086956
28,50,508.054172
28,51,440.147700
28,52,405.566871
28,53,343.529707
28,54,285.499057
28,55,241.793234
28,56,197.332113
28,57,168.768149
28,58,185.499446
28,59,199.957221
28,60,525.543174
28,61,456.097896
28,62,390.912979
28,63,347.574950
28,64,306.344719
28,65,284.364072
28,66,264.747908
28,67,215.713352
28,68,242.535566
28,69,247.550040
28,70,535.864599
28,71,486.721567
28,72,442.118337
28,73,411.694213
28,74,361.047461
28,75,324.905106
28,76,298.523966
28,77,278.576911
28,78,304.541271
28,79,316.026894
28,80,566.315635
28,81,525.115426
28,82,495.204467
28,83,444.486791
28,84,399.458434
28,85,377.933809
28,86,335.505375
28,87,353.097080
28,88,326.969451
28,89,357.430746
28,90,593.824782
28,91,530.567851
28,92,518.084386
28,93,498.711204
28,94,460.175693
28,95,442.119254
28,96,398.738978
28,97,393.564413
28,98,409.074275
28,99,417.830868
29,30,550.563366
29,31,488.292248
29,32,422.367786
29,33,374.835814
29,34,312.259063
29,35,278.958019
29,36,217.402465
29,37,129.761501
29,38,104.432141
29,39,51.850836
29,40,552.057118
29,41,489.856764
29,42,444.502679
29,43,381.837449
29,44,339.179763
29,45,263.967272
29,46,224.953302
29,47,171.161134
29,48,147.692748
29,49,97.842292
29,50,586.419881
29,51,518.690365
29,52,482.338423
29,53,418.977877
29,54,356.681263
29,55,308.049171
29,56,260.595064
29,57,211.178758
29,58,210.728122
29,59,191.806380
29,60,602.227985
29,61,532.542926
29,62,463.987624
29,63,417.673784
29,64,372.270600
29,65,341.700757
29,66,316.514070
29,67,253.551535
29,68,260.618365
29,69,247.618116
29,70,609.000468
29,71,558.160555
29,72,512.888561
29,73,476.881460
29,74,424.020861
29,75,380.834552
29,76,343.464162
29,77,309.374112
29,78,320.369404
29,79,315.215389
29,80,638.593508
29,81,595.431202
29,82,560.662370
29,83,504.649100
29,84,455.830931
29,85,425.588000
29,86,373.768964
29,87,380.266860
29,88,344.767106
29,89,354.851377
29,90,661.699441
29,91,596.013336
29,92,580.581677
29,93,554.495820
29,94,511.765448
29,95,483.525624
29,96,430.792610
29,97,417.274272
29,98,420.381828
29,99,419.548619
30,31,62.288951
30,32,129.792568
30,33,177.322286
30,34,238.891217
30,35,273.457926
30,36,337.077719
30,37,426.856735
30,38,456.571300
30,39,526.465944
30,40,78.197894
30,41,89.862286
30,42,126.327382
30,43,200.514016
30,44,232.577391
30,45,306.528685
30,46,374.112535
30,47,427.652674
30,48,464.951982
30,49,544.582479
30,50,136.372430
30,51,121.178962
30,52,172.002904
30,53,214.187294
30,54,283.072692
30,55,334.900796
30,56,368.394396
30,57,449.552109
30,58,495.585181
30,59,573.765700
30,60,188.515422
30,61,175.273485
30,62,233.178845
30,63,273.797555
30,64,317.624888
30,65,376.130824
30,66,406.283804
30,67,461.728958
30,68,527.918873
30,69,578.494398
30,70,258.750138
30,71,265.306702
30,72,264.175724
30,73,320.556320
30,74,335.651033
30,75,383.581415
30,76,440.421587
30,77,496.006647
30,78,558.195873
30,79,616.843859
30,80,286.871615
30,81,294.468277
30,82,339.577270
30,83,372.721456
30,84,390.749151
30,85,442.149289
30,86,479.787717
30,87,535.480761
30,88,561.114398
30,89,646.966369
30,90,359.991029
30,91,354.431703
30,92,378.779470
30,93,429.130474
30,94,444.447824
30,95,502.226771
30,96,532.825485
30,97,568.835211
30,98,628.769917
30,99,670.676399
31,32,68.287961
31,33,115.404816
31,34,176.640775
31,35,211.315073
31,36,274.991435
31,37,364.691660
31,38,394.450367
31,39,464.316090
31,40,96.282148
31,41,61.014277
31,42,76.965338
31,43,146.603207
31,44,174.265552
31,45,246.168367
31,46,314.847343
31,47,367.173800
31,48,404.329322
31,49,483.147446
31,50,156.864346
31,51,112.835891
31,52,147.437982
31,53,172.423011
31,54,233.662024
31,55,281.664517
31,56,311.803058
31,57,391.682186
31,58,438.076135
31,59,514.965229
31,60,203.983436
31,61,168.651203
31,62,204.015751
31,63,235.043875
31,64,272.330108
31,65,328.067516
31,66,355.912287
31,67,406.635618
31,68,473.032502
31,69,522.151662
31,70,264.946785
31,71,257.936160
31,72,246.082638
31,73,292.702210
31,74,298.536830
31,75,340.216847
31,76,392.680805
31,77,444.791762
31,78,506.633066
31,79,563.390778
31,80,296.486143
31,81,292.878494
31,82,326.348886
31,83,347.386220
31,84,357.232543
31,85,403.142864
31,86,434.346642
31,87,489.154383
31,88,511.222076
31,89,595.032524
31,90,364.751305
31,91,346.713185
31,92,365.978620
31,93,408.143597
31,94,416.317346
31,95,467.540594
31,96,491.208654
31,97,524.556528
31,98,582.286063
31,99,622.301129
32,33,47.702992
32,34,110.110516
32,35,144.033515
32,36,207.470999
32,37,297.362081
32,38,326.975245
32,39,396.906820
32,40,138.353034
32,41,77.903405
32,42,47.388617
32,43,87.977325
32,44,108.150663
32,45,178.047401
32,46,247.211418
32,47,298.958541
32,48,336.076743
32,49,414.934580
32,50,189.278122
32,51,127.015497
32,52,133.694781
32,53,130.604442
32,54,177.335780
32,55,219.754551
32,56,246.250411
32,57,324.845108
32,58,371.416946
32,59,447.404939
32,60,226.576766
32,61,172.681645
32,62,176.374042
32,63,192.562688
32,64,219.992556
32,65,271.278630
32,66,296.246436
32,67,342.004850
32,68,408.369165
32,69,456.217608
32,70,273.475104
32,71,252.084917
32,72,228.660460
32,73,260.952122
32,74,255.373820
32,75,288.581203
32,76,335.439740
32,77,383.604621
32,78,444.829821
32,79,499.721621
32,80,306.915049
32,81,291.393244
32,82,310.252782
32,83,316.580882
32,84,316.640277
32,85,355.365049
32,86,379.140811
32,87,432.583573
32,88,450.981776
32,89,532.612338
32,90,367.208414
32,91,336.046822
32,92,348.929834
32,93,380.660273
32,94,380.570863
32,95,423.629337
32,96,439.533491
32,97,469.843417
32,98,525.036510
32,99,563.069452
33,34,62.708451
33,35,96.331145
33,36,159.798649
33,37,249.668787
33,38,279.305769
33,39,349.229199
33,40,181.854574
33,41,119.474138
33,42,78.116668
33,43,70.090995
33,44,71.092049
33,45,132.977060
33,46,203.274380
33,47,253.092150
33,48,289.959070
33,49,367.867187
33,50,227.723621
33,51,161.562325
33,52,152.589058
33,53,126.944311
33,54,152.633887
33,55,185.885376
33,56,206.360607
33,57,282.219635
33,58,328.940724
33,59,403.133450
33,60,259.500981
33,61,198.640116
33,62,180.815590
33,63,182.539261
33,64,198.165454
33,65,242.854204
33,66,263.942741
33,67,302.765860
33,68,368.756062
33,69,414.650932
33,70,297.532710
33,71,268.042638
33,72,237.680322
33,73,257.385654
33,74,241.768205
33,75,265.511598
33,76,305.457399
33,77,348.563544
33,78,408.686778
33,79,461.087490
33,80,331.215289
33,81,308.867433
33,82,317.283845
33,83,312.098528
33,84,303.703691
33,85,334.943751
33,86,350.876712
33,87,402.383310
33,88,416.628076
33,89,495.393767
33,90,385.473141
33,91,346.278221
33,92,354.334425
33,93,377.497837
33,94,370.627934
33,95,405.892978
33,96,414.285222
33,97,441.306250
33,98,493.558715
33,99,529.329075
34,35,35.405221
34,36,98.928705
34,37,188.178972
34,38,218.042257
34,39,287.806015
34,40,243.474702
34,41,180.848242
34,42,137.234131
34,43,97.103698
34,44,65.748359
34,45,85.370994
34,46,155.258964
34,47,198.589279
34,48,234.352529
34,49,309.036982
34,50,286.136140
34,51,218.588635
34,52,199.047431
34,53,155.339418
34,54,148.974084
34,55,161.944531
34,56,168.237055
34,57,235.436306
34,58,281.748081
34,59,351.287024
34,60,313.522119
34,61,248.508423
34,62,211.966909
34,63,196.752259
34,64,194.256199
34,65,225.166674
34,66,238.446908
34,67,262.818897
34,68,326.921618
34,69,368.431266
34,70,343.293826
34,71,306.713954
34,72,270.357953
34,73,274.824711
34,74,246.915078
34,75,255.480241
34,76,282.568466
34,77,315.677516
34,78,372.817608
34,79,420.095044
34,80,376.633538
34,81,348.010069
34,82,345.050383
34,83,326.260003
34,84,306.983557
34,85,326.418137
34,86,329.617773
34,87,376.871921
34,88,383.824193
34,89,456.672652
34,90,424.045816
34,91,376.917256
34,92,379.311935
34,93,391.548634
34,94,375.998862
34,95,399.592171
34,96,396.529088
34,97,417.889124
34,98,464.682753
34,99,496.337593
35,36,63.735747
35,37,153.400197
35,38,183.135572
35,39,253.009883
35,40,274.139972
35,41,211.599832
35,42,166.787828
35,43,114.727335
35,44,74.704894
35,45,57.541579
35,46,123.818832
35,47,163.982155
35,48,199.363091
35,49,273.634003
35,50,313.455456
35,51,245.412091
35,52,219.629349
35,53,168.041235
35,54,144.500433
35,55,144.414265
35,56,141.948517
35,57,203.549606
35,58,249.389574
35,59,317.086048
35,60,337.258444
35,61,270.153547
35,62,223.572527
35,63,199.553826
35,64,186.910298
35,65,208.780874
35,66,217.358951
35,67,233.820142
35,68,296.565638
35,69,336.106945
35,70,361.159229
35,71,320.586773
35,72,281.308916
35,73,276.945101
35,74,242.802561
35,75,242.587970
35,76,262.058779
35,77,289.587517
35,78,344.876253
35,79,389.687581
35,80,393.981190
35,81,361.648725
35,82,351.888948
35,83,325.522729
35,84,300.438136
35,85,313.000722
35,86,309.315627
35,87,353.913252
35,88,357.249243
35,89,427.099056
35,90,436.626465
35,91,385.072080
35,92,384.086038
35,93,389.861082
35,94,369.591514
35,95,386.491824
35,96,377.372184
35,97,395.673914
35,98,439.531332
35,99,469.146712
36,37,89.948879
36,38,119.507135
36,39,189.435983
36,40,334.661767
36,41,272.536924
36,42,227.118992
36,43,166.403805
36,44,123.545222
36,45,57.085986
36,46,84.176285
36,47,107.106259
36,48,139.830867
36,49,210.541876
36,50,370.229155
36,51,302.228952
36,52,269.905515
36,53,210.867775
36,54,165.363396
36,55,140.961384
36,56,117.031036
36,57,156.259162
36,58,199.270009
36,59,259.946906
36,60,389.582396
36,61,320.712214
36,62,262.405478
36,63,226.968772
36,64,198.650487
36,65,201.330136
36,66,198.919060
36,67,194.298461
36,68,251.546854
36,69,284.855365
36,70,405.525205
36,71,359.992966
36,72,317.412285
36,73,299.755762
36,74,256.651117
36,75,240.231171
36,76,242.686365
36,77,256.010694
36,78,305.442496
36,79,343.274477
36,80,437.246702
36,81,400.032320
36,82,380.198548
36,83,342.130628
36,84,307.640577
36,85,306.748615
36,86,288.749647
36,87,326.271990
36,88,321.010303
36,89,382.509710
36,90,472.469710
36,91,414.836199
36,92,408.506880
36,93,403.367397
36,94,375.144167
36,95,378.999105
36,96,357.645715
36,97,368.939424
36,98,405.519578
36,99,430.047754
37,38,30.039324
37,39,99.631738
37,40,423.657605
37,41,361.847066
37,42,316.283840
37,43,252.176548
37,44,209.620619
37,45,134.244191
37,46,105.050985
37,47,70.538472
37,48,79.815163
37,49,126.803140
37,50,456.770944
37,51,389.141847
37,52,352.710280
37,53,289.892306
37,54,230.985434
37,55,188.010940
37,56,144.909571
37,57,130.373096
37,58,158.226754
37,59,194.912976
37,60,472.651654
37,61,403.036506
37,62,336.601906
37,63,293.070613
37,64,252.434806
37,65,233.437387
37,66,216.706827
37,67,177.526223
37,68,216.258540
37,69,233.279639
37,70,481.609655
37,71,432.246853
37,72,387.609019
37,73,357.754422
37,74,307.725802
37,75,274.221231
37,76,253.511747
37,77,242.422035
37,78,277.116632
37,79,299.196165
37,80,511.934045
37,81,470.602209
37,82,441.132485
37,83,391.756630
37,84,348.159364
37,85,330.524488
37,86,293.542841
37,87,317.275462
37,88,297.588826
37,89,340.478276
37,90,539.400972
37,91,476.473462
37,92,464.599532
37,93,447.272495
37,94,410.482561
37,95,397.218018
37,96,359.304557
37,97,359.071316
37,98,381.928923
37,99,396.650149
38,39,69.946814
38,40,452.123415
38,41,390.559711
38,42,344.938843
38,43,279.489940
38,44,237.246518
38,45,160.803569
38,46,121.960601
38,47,74.402555
38,48,68.467897
38,49,98.287870
38,50,483.937639
38,51,416.567020
38,52,378.572494
38,53,314.748119
38,54,252.533244
38,55,205.644671
38,56,159.653347
38,57,128.494069
38,58,147.943418
38,59,173.115534
38,60,498.324161
38,61,428.571740
38,62,359.594430
38,63,313.893657
38,64,270.210448
38,65,245.256360
38,66,224.657149
38,67,175.605029
38,68,205.702890
38,69,215.992203
38,70,504.629463
38,71,454.093304
38,72,408.980771
38,73,375.402870
38,74,323.780091
38,75,285.597256
38,76,258.034403
38,77,238.980072
38,78,267.537929
38,79,283.527764
38,80,534.363786
38,81,491.712842
38,82,459.126151
38,83,406.417894
38,84,360.372466
38,85,337.626030
38,86,295.096448
38,87,313.697783
38,88,289.352085
38,89,325.003122
38,90,559.000365
38,91,494.514843
38,92,480.850995
38,93,459.620659
38,94,420.343394
38,95,401.612721
38,96,358.674626
38,97,354.542741
38,98,372.407426
38,99,383.596534
39,40,521.554364
39,41,460.191786
39,42,414.548770
39,43,348.053529
39,44,306.176168
39,45,229.147085
39,46,181.652292
39,47,124.793391
39,48,97.532194
39,49,53.117247
39,50,552.075618
39,51,485.047590
39,52,445.334266
39,53,380.479235
39,54,314.452641
39,55,263.060380
39,56,214.714466
39,57,160.109913
39,58,159.049305
39,59,147.607569
39,60,564.616891
39,61,494.813539
39,62,422.649848
39,63,374.173825
39,64,326.521491
39,65,292.702273
39,66,266.250710
39,67,201.816678
39,68,210.027224
39,69,201.285260
39,70,567.166369
39,71,515.032433
39,72,469.411623
39,73,430.213128
39,74,376.584238
39,75,331.233999
39,76,292.042266
39,77,257.636676
39,78,270.516053
39,79,269.795984
39,80,595.919691
39,81,551.355411
39,82,513.855687
39,83,455.874080
39,84,406.082101
39,85,374.300821
39,86,321.927228
39,87,328.929205
39,88,294.652037
39,89,310.308591
39,90,615.920847
39,91,549.112797
39,92,532.455033
39,93,504.387239
39,94,460.896770
39,95,431.718114
39,96,379.126034
39,97,366.427071
39,98,371.939973
39,99,373.848267
40,41,62.641098
40,42,107.565373
40,43,175.704570
40,44,215.884905
40,45,293.297069
40,46,354.163613
40,47,411.537416
40,48,448.862916
40,49,532.190307
40,50,61.723844
40,51,53.129213
40,52,110.240001
40,53,167.468805
40,54,243.190727
40,55,300.019394
40,56,340.299167
40,57,423.204971
40,58,467.370577
40,59,548.647596
40,60,112.180627
40,61,100.170256
40,62,170.634946
40,63,219.191428
40,64,269.701454
40,65,330.565230
40,66,363.850238
40,67,427.744801
40,68,492.428861
40,69,545.966450
40,70,180.720111
40,71,188.551802
40,72,192.065486
40,73,253.693451
40,74,276.931681
40,75,331.041847
40,76,392.934982
40,77,453.442660
40,78,515.463592
40,79,577.210805
40,80,209.482219
40,81,216.444151
40,82,264.045563
40,83,303.088407
40,84,327.265508
40,85,383.298229
40,86,428.284038
40,87,484.505868
40,88,515.390338
40,89,604.058880
40,90,282.003108
40,91,277.180202
40,92,302.816590
40,93,356.315927
40,94,375.890871
40,95,438.360109
40,96,475.783458
40,97,514.717120
40,98,577.119479
40,99,621.510296
41,42,45.652508
41,43,117.878381
41,44,155.802715
41,45,232.956459
41,46,296.211049
41,47,352.562325
41,48,390.001256
41,49,472.479473
41,50,111.593934
41,51,54.399576
41,52,87.670459
41,53,124.364701
41,54,194.888395
41,55,248.799908
41,56,285.660432
41,57,368.116814
41,58,413.286671
41,59,493.365157
41,60,151.915793
41,61,108.549196
41,62,146.695978
41,63,184.193176
41,64,227.972744
41,65,286.976882
41,66,317.933892
41,67,376.548640
41,68,442.276302
41,69,494.258545
41,70,206.992147
41,71,197.080058
41,72,185.587566
41,73,235.293149
41,74,246.544544
41,75,293.720031
41,76,351.055299
41,77,407.832246
41,78,470.080428
41,79,529.790817
41,80,239.388246
41,81,232.650071
41,82,265.466612
41,83,289.161981
41,84,302.964687
41,85,352.777299
41,86,390.000780
41,87,445.765481
41,88,472.249607
41,89,558.916545
41,90,305.565808
41,91,285.725375
41,92,305.105495
41,93,348.708279
41,94,359.387873
41,95,414.191198
41,96,443.099031
41,97,478.973696
41,98,539.037710
41,99,581.261207
42,43,74.537609
42,44,110.499123
42,45,187.446502
42,46,251.555708
42,47,307.405184
42,48,344.859042
42,49,427.038425
42,50,149.683396
42,51,83.621669
42,52,86.740894
42,53,96.009020
42,54,157.843754
42,55,208.582439
42,56,242.875542
42,57,324.787444
42,58,370.408092
42,59,449.718553
42,60,182.409296
42,61,125.659892
42,62,133.959181
42,63,158.975517
42,64,195.457627
42,65,251.898111
42,66,280.803407
42,67,335.496946
42,68,401.632536
42,69,452.552637
42,70,226.358984
42,71,205.011618
42,72,183.402878
42,73,221.186626
42,74,222.585653
42,75,263.255770
42,76,316.482519
42,77,370.258404
42,78,432.358222
42,79,490.572554
42,80,259.874945
42,81,244.097523
42,82,265.110468
42,83,276.641762
42,84,282.230704
42,85,326.475628
42,86,357.628680
42,87,412.645117
42,88,435.992961
42,89,521.042364
42,90,319.834977
42,91,289.866839
42,92,304.167010
42,93,339.487812
42,94,343.383664
42,95,391.761868
42,96,414.249426
42,97,447.716732
42,98,505.861105
42,99,546.475028
43,44,42.872057
43,45,118.906732
43,46,178.673429
43,47,235.833484
43,48,273.162295
43,49,356.607297
43,50,204.594843
43,51,137.077544
43,52,104.987530
43,53,59.684740
43,54,89.368105
43,55,135.135686
43,56,168.353727
43,57,250.442216
43,58,295.924263
43,59,375.565591
43,60,223.647579
43,61,155.673439
43,62,115.998577
43,63,112.448692
43,64,132.473181
43,65,183.516338
43,66,209.696625
43,67,261.241653
43,68,327.491589
43,69,378.066618
43,70,247.098411
43,71,209.635542
43,72,174.272666
43,73,187.775067
43,74,172.308265
43,75,200.957261
43,76,247.870734
43,77,298.238546
43,78,360.034058
43,79,417.098226
43,80,280.216891
43,81,250.933343
43,82,251.320433
43,83,242.194707
43,84,234.236555
43,85,268.688703
43,86,291.223501
43,87,344.920991
43,88,364.924993
43,89,448.438435
43,90,327.066349
43,91,281.965823
43,92,287.239397
43,93,307.676568
43,94,300.718382
43,95,338.309665
43,96,351.688052
43,97,381.912051
43,98,437.606462
43,99,476.465702
44,45,77.412489
44,46,141.692697
44,47,196.916422
44,48,234.372018
44,49,316.695095
44,50,247.260600
44,51,179.526679
44,52,147.009225
44,53,93.386569
44,54,86.716034
44,55,114.793959
44,56,138.100161
44,57,217.433188
44,58,263.812030
44,59,341.204447
44,60,266.257492
44,61,197.834153
44,62,149.270843
44,63,131.010134
44,64,132.875069
44,65,172.714161
44,66,192.870530
44,67,233.962235
44,68,300.287086
44,69,348.183056
44,70,286.733835
44,71,245.962526
44,72,207.331456
44,73,209.077543
44,74,182.754522
44,75,197.951566
44,76,234.655628
44,77,277.758330
44,78,338.243638
44,79,391.920835
44,80,319.425834
44,81,287.079239
44,82,280.133411
44,83,260.749756
44,84,243.698988
44,85,268.409865
44,86,280.415217
44,87,331.441658
44,88,345.720248
44,89,425.440202
44,90,362.312944
44,91,312.539320
44,92,313.872466
44,93,326.147901
44,94,312.331837
44,95,340.661696
44,96,344.732416
44,97,370.644661
44,98,422.475537
44,99,458.360289
45,46,70.880739
45,47,121.124148
45,48,158.446188
45,49,239.620830
45,50,323.154537
45,51,255.925442
45,52,218.504802
45,53,156.628138
45,54,108.438040
45,55,91.536518
45,56,84.436219
45,57,150.863590
45,58,197.463841
45,59,270.178094
45,60,338.471762
45,61,268.937390
45,62,206.391282
45,63,169.885091
45,64,143.797363
45,65,155.336458
45,66,160.789746
45,67,177.582476
45,68,241.560435
45,69,283.924513
45,70,350.407810
45,71,303.714649
45,72,260.701372
45,73,243.144970
45,74,201.682878
45,75,191.686540
45,76,205.556666
45,77,232.158066
45,78,288.072957
45,79,334.728688
45,80,381.703951
45,81,343.489788
45,82,323.185995
45,83,286.825504
45,84,255.171446
45,85,260.838517
45,86,252.762754
45,87,296.512594
45,88,299.953289
45,89,371.367295
45,90,415.545057
45,91,357.777103
45,92,351.875790
45,93,349.087992
45,94,323.626615
45,95,334.123764
45,96,321.172844
45,97,338.394050
45,98,382.019474
45,99,412.074490
46,47,59.097747
46,48,95.444151
46,49,180.284519
46,50,377.163874
46,51,312.146491
46,52,267.533762
46,53,201.382784
46,54,132.816109
46,55,83.721634
46,56,40.520234
46,57,80.187428
46,58,126.652686
46,59,200.193635
46,60,385.339432
46,61,315.736793
46,62,241.117144
46,63,192.874076
46,64,148.318694
46,65,130.189259
46,66,119.456110
46,67,111.677561
46,68,172.847190
46,69,213.238234
46,70,385.514478
46,71,333.615446
46,72,288.146538
46,73,253.608804
46,74,202.797284
46,75,170.965343
46,76,161.440411
46,77,172.001576
46,78,223.284053
46,79,265.907865
46,80,414.373179
46,81,370.522499
46,82,337.267157
46,83,286.709364
46,84,243.924566
46,85,231.779444
46,86,206.375231
46,87,242.178554
46,88,237.718866
46,89,303.644645
46,90,437.099461
46,91,372.653075
46,92,359.798971
46,93,342.785366
46,94,307.800726
46,95,301.898618
46,96,275.042424
46,97,284.872266
46,98,321.844828
46,99,348.007051
47,48,37.456032
47,49,121.383110
47,50,435.982778
47,51,370.580517
47,52,326.593853
47,53,260.480189
47,54,191.035828
47,55,138.303850
47,56,89.941194
47,57,60.558553
47,58,95.472811
47,59,153.391792
47,60,444.411986
47,61,374.828058
47,62,299.450768
47,63,249.744033
47,64,201.784371
47,65,171.726789
47,66,150.254601
47,67,107.257153
47,68,151.732177
47,69,178.819027
47,70,443.318001
47,71,390.598604
47,72,344.883848
47,73,305.891156
47,74,252.859784
47,75,211.740587
47,76,184.437186
47,77,172.338974
47,78,210.640277
47,79,240.171178
47,80,471.613502
47,81,426.630901
47,82,389.640206
47,83,333.993861
47,84,286.686740
47,85,263.348332
47,86,223.312719
47,87,247.069474
47,88,229.812281
47,89,280.562627
47,90,491.262545
47,91,424.965818
47,92,409.505683
47,93,385.859374
47,94,345.996591
47,95,328.225434
47,96,288.780404
47,97,289.081997
47,98,314.723222
47,99,332.916499
48,49,85.132181
48,50,472.598203
48,51,407.523108
48,52,362.746503
48,53,296.386168
48,54,225.281746
48,55,170.315078
48,56,121.478716
48,57,64.245592
48,58,79.741220
48,59,120.879456
48,60,479.901644
48,61,410.496624
48,62,333.490662
48,63,282.309290
48,64,232.017297
48,65,195.315883
48,66,168.877464
48,67,109.622284
48,68,137.753582
48,69,154.040355
48,70,476.412885
48,71,422.820896
48,72,376.959939
48,73,334.289478
48,74,280.096244
48,75,233.701918
48,76,196.778990
48,77,171.425391
48,78,199.371022
48,79,219.409296
48,80,503.984935
48,81,457.866767
48,82,417.665137
48,83,358.488046
48,84,308.561155
48,85,278.427158
48,86,230.409406
48,87,245.847227
48,88,220.946667
48,89,260.668448
48,90,520.509270
48,91,452.803343
48,92,435.329939
48,93,406.969736
48,94,364.123340
48,95,338.825280
48,96,292.090241
48,97,286.354737
48,98,304.307102
48,99,317.198956
49,50,557.362006
49,51,491.897003
49,52,447.777778
49,53,381.478518
49,54,310.230173
49,55,254.518169
49,56,205.840904
49,57,135.799169
49,58,120.998822
49,59,94.947187
49,60,565.031559
49,61,495.626019
49,62,418.273558
49,63,366.404913
49,64,314.761069
49,65,272.865946
49,66,242.321853
49,67,169.898856
49,68,165.216238
49,69,149.910257
49,70,560.577448
49,71,506.436003
49,72,460.541311
49,73,414.851408
49,74,359.915740
49,75,308.710440
49,76,261.464407
49,77,218.457097
49,78,223.538113
49,79,217.907029
49,80,587.615294
49,81,540.639918
49,82,497.449511
49,83,434.676303
49,84,382.165548
49,85,343.749586
49,86,285.837056
49,87,286.313025
49,88,248.180791
49,89,258.034410
49,90,601.260466
49,91,532.248649
49,92,512.564985
49,93,478.450871
49,94,432.016833
49,95,395.907255
49,96,338.418473
49,97,321.742820
49,98,322.610381
49,99,322.184988
50,51,68.100091
50,52,111.560449
50,53,177.954051
50,54,254.043561
50,55,312.631348
50,56,357.278311
50,57,439.461438
50,58,481.225265
50,59,563.834675
50,60,52.398098
50,61,74.192119
50,62,160.617846
50,63,215.742657
50,64,270.911626
50,65,331.747680
50,66,367.154722
50,67,437.385416
50,68,499.525193
50,69,554.921759
50,70,125.381062
50,71,145.985053
50,72,162.535759
50,73,230.813111
50,74,264.962840
50,75,324.607936
50,76,390.318855
50,77,454.548485
50,78,515.385064
50,79,579.310105
50,80,151.272583
50,81,166.244331
50,82,223.013157
50,83,273.709793
50,84,306.954377
50,85,367.806750
50,86,420.547296
50,87,476.367120
50,88,512.325036
50,89,602.712126
50,90,225.614237
50,91,230.236721
50,92,259.776975
50,93,319.803426
50,94,346.706289
50,95,415.170483
50,96,460.826958
50,97,502.634572
50,98,567.040194
50,99,613.640824
51,52,57.227144
51,53,117.763174
51,54,194.415876
51,55,252.311400
51,56,294.820682
51,57,377.607740
51,58,420.731946
51,59,502.765373
51,60,99.561276
51,61,56.450339
51,62,117.556111
51,63,166.497479
51,64,218.078197
51,65,279.167963
51,66,313.100811
51,67,379.257414
51,68,443.146988
51,69,497.437425
51,70,152.738588
51,71,146.963068
51,72,143.016046
51,73,201.727590
51,74,223.802795
51,75,278.304117
51,76,340.886341
51,77,402.314400
51,78,464.141365
51,79,526.513745
51,80,185.004858
51,81,180.337547
51,82,219.194064
51,83,252.437498
51,84,274.568499
51,85,330.185984
51,86,375.531329
51,87,431.759540
51,88,463.433922
51,89,552.543537
51,90,251.964286
51,91,236.361888
51,92,258.644832
51,93,307.973761
51,94,324.792286
51,95,385.841229
51,96,422.654266
51,97,461.670636
51,98,524.237759
51,99,568.884658
52,53,66.664427
52,54,142.485173
52,55,201.070998
52,56,246.012880
52,57,327.979747
52,58,369.677300
52,59,452.274240
52,60,119.978293
52,61,50.837347
52,62,61.478416
52,63,109.402885
52,64,162.018663
52,65,223.194958
52,66,257.754000
52,67,326.251598
52,68,389.095343
52,69,444.081038
52,70,145.236211
52,71,118.393670
52,72,98.971795
52,73,148.683728
52,74,166.872992
52,75,221.136396
52,76,284.196970
52,77,346.425484
52,78,408.015252
52,79,470.924812
52,80,178.870791
52,81,158.028339
52,82,180.149075
52,83,201.801185
52,84,219.258670
52,85,273.449157
52,86,318.346334
52,87,374.573668
52,88,406.759446
52,89,496.200486
52,90,234.278553
52,91,203.478289
52,92,219.613694
52,93,261.053729
52,94,272.753942
52,95,330.758075
52,96,365.700727
52,97,404.479009
52,98,467.013461
52,99,511.744011
53,54,76.747259
53,55,135.033184
53,56,179.379982
53,57,261.522781
53,58,303.709121
53,59,386.121597
53,60,184.218157
53,61,114.465202
53,62,56.639491
53,63,63.044493
53,64,103.846206
53,65,163.814822
53,66,196.456180
53,67,261.514015
53,68,325.451110
53,69,379.677769
53,70,194.821892
53,71,152.577079
53,72,115.035684
53,73,131.516843
53,74,126.641557
53,75,169.479131
53,76,227.287050
53,77,286.197485
53,78,348.331079
53,79,409.754519
53,80,226.978303
53,81,193.716095
53,82,191.672353
53,83,186.909986
53,84,186.869283
53,85,230.734954
53,86,265.639837
53,87,321.449201
53,88,349.171574
53,89,437.062077
53,90,269.177883
53,91,222.329827
53,92,227.880264
53,93,251.784760
53,94,249.977335
53,95,295.816100
53,96,319.585169
53,97,354.708923
53,98,414.702536
53,99,457.264275
54,55,58.609193
54,56,105.068899
54,57,185.829818
54,58,227.201415
54,59,309.794996
54,60,255.634521
54,61,187.052018
54,62,108.415067
54,63,62.453782
54,64,46.183243
54,65,94.506247
54,66,123.213185
54,67,184.861297
54,68,249.238152
54,69,303.075672
54,70,252.730175
54,71,201.567219
54,72,156.647071
54,73,134.958690
54,74,98.565457
54,75,112.905354
54,76,159.083735
54,77,213.014378
54,78,275.247977
54,79,335.115226
54,80,281.922769
54,81,239.617091
54,82,214.863704
54,83,181.223270
54,84,158.010611
54,85,182.495134
54,86,201.884600
54,87,255.882043
54,88,278.198703
54,89,364.071993
54,90,309.286696
54,91,249.615572
54,92,243.585782
54,93,245.362010
54,94,227.061527
54,95,254.211086
54,96,262.723133
54,97,292.557053
54,98,348.814950
54,99,388.710709
55,56,48.842891
55,57,127.362720
55,58,168.683599
55,59,251.204140
55,60,313.507166
55,61,245.358984
55,62,164.271400
55,63,111.995987
55,64,64.601066
55,65,64.378106
55,66,78.230826
55,67,127.927200
55,68,193.476778
55,69,246.033192
55,70,306.137082
55,71,252.603080
55,72,206.789606
55,73,169.925276
55,74,120.120334
55,75,100.261040
55,76,121.176890
55,77,163.850314
55,78,225.224940
55,79,282.050651
55,80,333.733724
55,81,288.328901
55,82,253.549768
55,83,205.120708
55,84,166.941005
55,85,169.389145
55,86,167.921996
55,87,217.168209
55,88,231.392273
55,89,313.408981
55,90,353.663332
55,91,288.934462
55,92,276.648222
55,93,263.944051
55,94,234.182786
55,95,242.769467
55,96,234.589663
55,97,257.156187
55,98,307.721261
55,99,343.823155
56,57,82.922130
56,58,127.632229
56,59,208.350197
56,60,360.693349
56,61,291.926988
56,62,212.533565
56,63,160.831338
56,64,111.852051
56,65,89.707800
56,66,81.933814
56,67,96.422286
56,68,162.448188
56,69,210.361470
56,70,354.945259
56,71,301.427651
56,72,255.597871
56,73,216.311726
56,74,164.133368
56,75,130.458149
56,76,125.725234
56,77,147.775256
56,78,204.708280
56,79,254.771697
56,80,382.568223
56,81,336.934161
56,82,300.099939
56,83,247.156736
56,84,203.502981
56,85,192.293608
56,86,172.130541
56,87,212.893741
56,88,215.725124
56,89,289.762778
56,90,401.354021
56,91,335.466305
56,92,321.197781
56,93,302.469800
56,94,267.306427
56,95,263.313591
56,96,241.040593
56,97,255.128752
56,98,297.585829
56,99,328.117317
57,58,46.726388
57,59,125.447735
57,60,440.712133
57,61,372.720851
57,62,290.671203
57,63,236.341035
57,64,182.226474
57,65,137.093339
57,66,107.147604
57,67,47.366002
57,68,95.307403
57,69,133.073466
57,70,429.489630
57,71,374.205716
57,72,328.436843
57,73,279.623529
57,74,224.483548
57,75,173.256051
57,76,132.575499
57,77,112.049303
57,78,151.483859
57,79,187.319393
57,80,455.165792
57,81,406.945140
57,82,361.833588
57,83,299.097068
57,84,247.374869
57,85,214.443821
57,86,166.872603
57,87,186.917545
57,88,169.746882
57,89,226.261057
57,90,465.896850
57,91,396.541658
57,92,376.839711
57,93,344.899603
57,94,300.790678
57,95,274.708991
57,96,230.289662
57,97,228.719966
57,98,254.797891
57,99,275.133061
58,59,82.872079
58,60,479.820965
58,61,412.865750
58,62,328.890052
58,63,273.360150
58,64,217.664960
58,65,165.323645
58,66,130.632392
58,67,52.360125
58,68,58.100445
58,69,86.727430
58,70,463.963172
58,71,407.774368
58,72,362.480318
58,73,308.527074
58,74,253.270639
58,75,196.071631
58,76,142.152689
58,77,98.681766
58,78,119.638467
58,79,144.786179
58,80,488.036637
58,81,438.322503
58,82,388.377866
58,83,321.093196
58,84,266.593099
58,85,223.767159
58,86,164.905863
58,87,170.390851
58,88,141.521469
58,89,185.090501
58,90,493.131445
58,91,422.233647
58,92,399.487390
58,93,360.450019
58,94,312.462582
58,95,275.021026
58,96,220.078821
58,97,209.279345
58,98,224.567459
58,99,238.674860
59,60,562.674613
59,61,495.721852
59,62,411.704188
59,63,356.061796
59,64,300.188681
59,65,246.114307
59,66,210.370148
59,67,131.827810
59,68,92.433246
59,69,57.260566
59,70,545.731073
59,71,489.277739
59,72,444.257643
59,73,388.194723
59,74,333.284071
59,75,273.730827
59,76,213.375491
59,77,154.501494
59,78,139.564451
59,79,123.448419
59,80,569.090186
59,81,518.750505
59,82,466.166028
59,83,396.255969
59,84,340.468835
59,85,290.507745
59,86,223.900296
59,87,209.905408
59,88,164.451876
59,89,163.164046
59,90,570.906676
59,91,499.256809
59,92,474.415308
59,93,429.752009
59,94,378.901627
59,95,330.178736
59,96,264.359571
59,97,239.862472
59,98,231.663276
59,99,227.771381
60,61,69.804846
60,62,151.119581
60,63,207.265332
60,64,263.587758
60,65,322.369160
60,66,358.703413
60,67,432.997941
60,68,492.126057
60,69,548.503988
60,70,74.542477
60,71,106.229813
60,72,134.433205
60,73,204.429711
60,74,246.593983
60,75,308.982839
60,76,376.404150
60,77,442.692735
60,78,501.783105
60,79,566.897955
60,80,98.912424
60,81,118.429064
60,82,181.193019
60,83,240.199120
60,84,280.133130
60,85,343.629571
60,86,401.847526
60,87,456.569852
60,88,496.282629
60,89,587.252600
60,90,173.561546
60,91,183.614619
60,92,215.584744
60,93,279.636736
60,94,311.828988
60,95,384.044903
60,96,435.691134
60,97,479.346805
60,98,544.770570
60,99,592.790022
61,62,87.159995
61,63,143.087430
61,64,199.005519
61,65,259.288607
61,66,295.124396
61,67,367.310855
61,68,428.152886
61,69,484.042847
61,70,100.810556
61,71,90.666407
61,72,92.809822
61,73,158.368788
61,74,190.771260
61,75,250.641087
61,76,316.733529
61,77,381.552354
61,78,442.007955
61,79,506.286355
61,80,134.239378
61,81,124.231309
61,82,164.367547
61,83,204.638519
61,84,234.056944
61,85,294.029486
61,86,346.384536
61,87,402.179770
61,88,438.476908
61,89,529.013046
61,90,197.247415
61,91,180.100952
61,92,203.506891
61,93,256.232890
61,94,277.769782
61,95,343.525445
61,96,387.090404
61,97,428.591139
61,98,492.891439
61,99,539.448718
62,63,56.321195
62,64,112.614262
62,65,172.319345
62,66,208.349610
62,67,281.890087
62,68,341.628039
62,69,397.783728
62,70,145.062018
62,71,97.731969
62,72,58.396283
62,73,88.752101
62,74,106.639363
62,75,164.184619
62,76,229.719857
62,77,294.393730
62,78,354.900819
62,79,419.126445
62,80,175.522579
62,81,138.361253
62,82,136.470169
62,83,143.452011
62,84,157.786901
62,85,212.688032
62,86,260.717064
62,87,316.795804
62,88,351.731342
62,89,442.096566
62,90,213.070062
62,91,166.102212
62,92,173.893226
62,93,205.556068
62,94,212.731213
62,95,269.292467
62,96,305.330340
62,97,345.090946
62,98,408.466564
62,99,454.172257
63,64,56.328824
63,65,116.206214
63,66,152.089431
63,67,225.777617
63,68,285.315973
63,69,341.464179
63,70,194.174816
63,71,140.868239
63,72,95.275926
63,73,78.084870
63,74,63.611686
63,75,111.850434
63,76,175.184918
63,77,238.806010
63,78,299.789861
63,79,363.567490
63,80,221.878696
63,81,177.819213
63,82,153.657250
63,83,130.545419
63,84,124.120547
63,85,168.700898
63,86,209.092610
63,87,265.315104
63,88,297.667779
63,89,387.523869
63,90,246.835228
63,91,187.975095
63,92,184.567347
63,93,196.140895
63,94,188.780291
63,95,232.791436
63,96,259.068396
63,97,296.182309
63,98,357.995450
63,99,402.388246
64,65,61.176316
64,66,96.250986
64,67,169.527684
64,68,229.159441
64,69,285.195237
64,70,247.289025
64,71,192.064868
64,72,146.241182
64,73,105.349516
64,74,58.007032
64,75,68.597404
64,76,123.527387
64,77,184.407135
64,78,246.083870
64,79,308.949171
64,80,273.142086
64,81,225.948439
64,82,188.949148
64,83,143.498261
64,84,113.558862
64,85,136.794193
64,86,162.370143
64,87,217.868748
64,88,245.749935
64,89,334.475014
64,90,289.511270
64,91,224.334510
64,92,212.637463
64,93,205.298670
64,94,182.742052
64,95,208.099887
64,96,219.741006
64,97,252.261665
64,98,311.166148
64,99,353.419751
65,66,36.499864
65,67,114.290712
65,68,169.816923
65,69,226.378713
65,70,299.857797
65,71,243.238369
65,72,198.511043
65,73,143.473522
65,74,88.136199
65,75,40.830700
65,76,64.613852
65,77,123.230951
65,78,184.976881
65,79,247.805930
65,80,323.000966
65,81,273.011094
65,82,224.860548
65,83,163.177981
65,84,115.123192
65,85,105.765263
65,86,108.162719
65,87,161.423226
65,88,185.400945
65,89,273.494255
65,90,329.190222
65,91,259.471225
65,92,240.220531
65,93,214.380246
65,94,177.612462
65,95,178.836589
65,96,172.221450
65,97,198.822642
65,98,254.309104
65,99,294.666118
66,67,78.795808
66,68,133.423476
66,69,189.913611
66,70,336.089182
66,71,279.366071
66,72,234.836395
66,73,178.060478
66,74,122.961945
66,75,66.448885
66,76,44.767186
66,77,89.927656
66,78,152.174031
66,79,213.427355
66,80,358.798729
66,81,308.390461
66,82,257.866551
66,83,192.429020
66,84,140.232208
66,85,113.832371
66,86,91.990119
66,87,139.018013
66,88,155.310630
66,89,241.010540
66,90,362.570532
66,91,291.947378
66,92,270.531332
66,93,238.137547
66,94,195.989538
66,95,182.519241
66,96,160.450606
66,97,179.486530
66,98,229.624798
66,99,266.861980
67,68,66.407819
67,69,118.237180
67,70,413.968267
67,71,357.462809
67,72,312.520323
67,73,256.855141
67,74,201.738531
67,75,143.761941
67,76,91.580312
67,77,65.153003
67,78,111.607170
67,79,158.351565
67,80,437.284906
67,81,387.105413
67,82,336.186115
67,83,268.751752
67,84,214.414188
67,85,173.965442
67,86,120.920040
67,87,139.812881
67,88,126.816471
67,89,193.889775
67,90,440.964940
67,91,369.945781
67,92,347.141878
67,93,309.065483
67,94,262.118048
67,95,230.092085
67,96,183.069617
67,97,181.885576
67,98,211.652341
67,99,236.330431
68,69,56.822122
68,70,467.589867
68,71,410.617544
68,72,366.941561
68,73,306.084873
68,74,252.650430
68,75,190.401810
68,76,125.530498
68,77,62.451865
68,78,62.008046
68,79,93.183664
68,80,488.621476
68,81,437.071922
68,82,380.544635
68,83,308.439609
68,84,252.116496
68,85,199.091876
68,86,131.532592
68,87,121.493422
68,88,85.063969
68,89,131.091196
68,90,484.764923
68,91,412.578830
68,92,385.956178
68,93,338.500760
68,94,287.019193
68,95,238.128879
68,96,174.763229
68,97,156.718167
68,98,166.715773
68,99,181.216853
69,70,524.406487
69,71,467.430111
69,72,423.756778
69,73,362.727208
69,74,309.444330
69,75,247.062871
69,76,181.466079
69,77,115.784489
69,78,85.670934
69,79,68.810684
69,80,545.319644
69,81,493.669911
69,82,436.387274
69,83,363.547510
69,84,307.115372
69,85,251.486128
69,86,181.752054
69,87,158.752662
69,88,109.978547
69,89,109.993231
69,90,540.305953
69,91,468.000068
69,92,440.534183
69,93,390.481745
69,94,337.904267
69,95,282.815637
69,96,213.429964
69,97,185.200861
69,98,174.410079
69,99,172.565599
70,71,57.011601
70,72,101.490003
70,73,163.778434
70,74,215.050930
70,75,277.997680
70,76,345.406218
70,77,412.904920
70,78,468.449159
70,79,534.258995
70,80,33.686565
70,81,47.211801
70,82,116.701111
70,83,185.782282
70,84,233.950838
70,85,299.007476
70,86,363.402704
70,87,415.480140
70,88,459.677549
70,89,550.221850
70,90,101.287862
70,91,111.968252
70,92,146.398332
70,93,214.422218
70,94,253.041852
70,95,328.881603
70,96,387.691384
70,97,433.157279
70,98,499.107144
70,99,548.499482
71,72,45.894762
71,73,107.201752
71,74,158.044124
71,75,220.992976
71,76,288.441034
71,77,355.931260
71,78,411.747555
71,79,477.538492
71,80,81.183346
71,81,41.297816
71,82,77.052754
71,83,134.921959
71,84,179.316245
71,85,244.166000
71,86,307.256691
71,87,359.984760
71,88,403.378277
71,89,494.085760
71,90,117.693311
71,91,89.434546
71,92,114.662029
71,93,174.301333
71,94,205.767237
71,95,279.065244
71,96,334.316930
71,97,379.194788
71,98,445.070348
71,99,494.079552
72,73,70.021613
72,74,115.367216
72,75,178.607235
72,76,246.376011
72,77,313.647637
72,78,370.859778
72,79,436.477418
72,80,127.075843
72,81,83.061464
72,82,81.708758
72,83,111.912487
72,84,146.022453
72,85,209.198367
72,86,268.505990
72,87,322.656764
72,88,363.846152
72,89,454.816092
72,90,155.595363
72,91,108.611071
72,92,120.874962
72,93,164.958068
72,94,185.078393
72,95,252.695166
72,96,301.409440
72,97,344.914653
72,98,410.352284
72,99,458.494052
73,74,55.338173
73,75,115.683235
73,76,182.244580
73,77,249.716791
73,78,304.671272
73,79,370.482757
73,80,182.652710
73,81,131.018164
73,82,83.788546
73,83,55.635564
73,84,76.267128
73,85,139.212411
73,86,200.167498
73,87,253.480762
73,88,296.195429
73,89,386.955654
73,90,186.424384
73,91,119.161860
73,92,108.751657
73,93,120.286635
73,94,124.131589
73,95,185.257592
73,96,231.414245
73,97,274.928365
73,98,340.436975
73,99,388.766584
74,75,63.242514
74,76,131.009802
74,77,198.307624
74,78,255.742715
74,79,321.247700
74,80,236.289670
74,81,185.480130
74,82,137.656602
74,83,85.560545
74,84,61.944599
74,85,106.719227
74,86,155.880495
74,87,211.459922
74,88,249.688881
74,89,340.660755
74,90,241.414268
74,91,172.715208
74,92,157.085532
74,93,147.621977
74,94,129.672381
74,95,169.179946
74,96,198.853555
74,97,238.524597
74,98,302.281287
74,99,348.681360
75,76,67.784505
75,77,135.077384
75,78,192.842884
75,79,258.186970
75,80,298.259644
75,81,246.682686
75,82,192.577629
75,83,125.986055
75,84,75.037207
75,85,70.938883
75,86,97.242216
75,87,153.466201
75,88,187.905430
75,89,278.654106
75,90,297.371153
75,91,226.186627
75,92,204.098451
75,93,174.120370
75,94,136.859419
75,95,144.221437
75,96,151.231663
75,97,185.253805
75,98,246.222326
75,99,290.616747
76,77,67.508227
76,78,125.458102
76,79,190.527479
76,80,364.817232
76,81,312.776279
76,82,255.031909
76,83,183.225918
76,84,127.160518
76,85,82.468611
76,86,47.257293
76,87,97.183369
76,88,122.564037
76,89,212.421853
76,90,359.246095
76,91,287.101074
76,92,261.156652
76,93,218.404690
76,94,170.576432
76,95,143.804262
76,96,115.726161
76,97,136.081479
76,98,189.764954
76,99,230.255359
77,78,62.250071
77,79,124.763805
77,80,432.225615
77,81,380.081676
77,82,321.118537
77,83,247.829746
77,84,191.388201
77,85,136.699317
77,86,69.607815
77,87,74.905877
77,88,68.291785
77,89,151.088368
77,90,424.729175
77,91,352.376580
77,92,324.756040
77,93,276.101447
77,94,224.580187
77,95,178.306654
77,96,121.611135
77,97,116.746962
77,98,150.228947
77,99,181.094173
78,79,65.819271
78,80,485.894191
78,81,433.282740
78,82,370.916339
78,83,295.761127
78,84,240.025582
78,85,178.675532
78,86,108.164412
78,87,73.961625
78,88,24.960539
78,89,88.838300
78,90,472.483793
78,91,400.218133
78,92,369.955428
78,93,314.343950
78,94,260.552832
78,95,199.764097
78,96,128.321394
78,97,100.298856
78,98,104.946545
78,99,124.733652
79,80,551.661537
79,81,499.025213
79,82,436.220645
79,83,360.837418
79,84,305.389546
79,85,243.141140
79,86,173.219618
79,87,131.392422
79,88,79.003144
79,89,41.480153
79,90,537.179309
79,91,465.047682
79,92,434.132168
79,93,376.403757
79,94,322.242738
79,95,256.431633
79,96,181.766723
79,97,143.139874
79,98,113.891633
79,99,104.333246
80,81,52.792551
80,82,121.628221
80,83,195.842455
80,84,247.801905
80,85,312.536331
80,86,379.309875
80,87,429.623717
80,88,475.693660
80,89,565.554309
80,90,75.455410
80,91,106.868059
80,92,143.681472
80,93,214.410361
80,94,258.087884
80,95,335.497871
80,96,398.297617
80,97,444.438351
80,98,510.264716
80,99,560.162363
81,82,70.862915
81,83,143.482313
81,84,195.012329
81,85,259.778061
81,86,326.555566
81,87,376.852902
81,88,422.929346
81,89,512.762055
81,90,76.611773
81,91,65.347539
81,92,99.193264
81,93,167.532986
81,94,207.878510
81,95,284.628947
81,96,346.061090
81,97,392.066584
81,98,457.947170
81,99,507.749026
82,83,75.828350
82,84,130.893776
82,85,194.012940
82,86,263.004466
82,87,310.831614
82,88,358.766191
82,89,447.433447
82,90,104.794790
82,91,35.388697
82,92,39.641387
82,93,98.620036
82,94,137.028326
82,95,214.010757
82,96,277.162071
82,97,323.514108
82,98,389.189364
82,99,439.252582
83,84,56.442212
83,85,118.224657
83,86,187.659306
83,87,235.006571
83,88,283.106261
83,89,371.608115
83,90,177.107513
83,91,104.708230
83,92,78.398966
83,93,65.597045
83,94,73.168687
83,95,144.143492
83,96,202.583434
83,97,248.610389
83,98,314.471543
83,99,364.323135
84,85,65.062212
84,86,132.221082
84,87,181.911023
84,88,228.310446
84,89,317.787467
84,90,233.474718
84,91,161.080068
84,92,133.997692
84,93,99.258367
84,94,69.189822
84,95,111.510895
84,96,155.601275
84,97,199.945078
84,98,265.776089
84,99,314.786264
85,86,70.777540
85,87,117.107891
85,88,164.994816
85,89,253.471438
85,90,294.038192
85,91,221.948256
85,92,191.284861
85,93,139.409098
85,94,88.871684
85,95,73.491105
85,96,93.065173
85,97,135.717725
85,98,201.278407
85,99,249.950278
86,87,56.228214
86,88,96.402553
86,89,186.837776
86,90,364.320573
86,91,292.056413
86,92,261.978155
86,93,208.815008
86,94,156.193620
86,95,110.127515
86,96,68.916879
86,97,90.712849
86,98,149.150582
86,99,193.509415
87,88,52.943531
87,89,136.736199
87,90,409.123194
87,91,337.618754
87,92,305.246147
87,93,245.384316
87,94,191.143069
87,95,126.229120
87,96,54.701280
87,97,42.727355
87,98,93.299284
87,99,137.376920
88,89,90.997554
88,90,458.859276
88,91,386.897223
88,92,355.507788
88,93,297.410677
88,94,243.268771
88,95,179.052496
88,96,105.877225
88,97,75.438690
88,98,85.089255
88,99,112.814659
89,90,545.737601
89,91,474.338829
89,92,441.721741
89,93,380.098633
89,94,325.928046
89,95,254.789231
89,96,179.695610
89,97,135.625847
89,98,89.172477
89,99,66.231186
90,91,72.400250
90,92,104.268500
90,93,171.958084
90,94,223.248722
90,95,300.645166
90,96,370.340918
90,97,417.003269
90,98,481.460696
90,99,531.838296
91,92,37.042916
91,93,108.150618
91,94,155.274060
91,95,233.250609
91,96,300.553195
91,97,347.201956
91,98,412.268145
91,99,462.585757
92,93,71.120441
92,94,119.496805
92,95,197.329776
92,96,266.115280
92,97,312.784966
92,98,377.416100
92,99,427.785143
93,94,54.260396
93,95,129.264740
93,96,201.448691
93,97,247.743642
93,98,310.976107
93,99,361.290775
94,95,77.978197
94,96,147.750554
94,97,194.259735
94,98,258.257201
94,99,308.633565
95,96,75.262575
95,97,119.974549
95,98,181.871413
95,99,232.119736
96,97,46.673264
96,98,112.028076
96,99,162.173575
97,98,65.951057
97,99,115.745493
98,99,50.377968
